5.644302,1.936896,0.006712,0.000034,14.352719,0.447895,0.925446,
5.644975,1.927400,0.006710,0.000034,14.336114,0.449306,0.921311,
5.647109,1.916091,0.006686,0.000034,14.310003,0.449200,0.927565,
5.648467,1.915670,0.006661,0.000034,14.284819,0.449309,0.927483,
5.644127,1.914407,0.006647,0.000033,14.260992,0.449575,0.927453,
5.645018,1.912601,0.006647,0.000033,14.224576,0.448127,0.928063,
5.645782,1.908834,0.006640,0.000033,14.070094,0.447867,0.928098,
5.632881,1.904799,0.006643,0.000033,13.993567,0.447837,0.927445,
5.629979,1.904744,0.006634,0.000033,13.973980,0.447962,0.926988,
5.629594,1.904766,0.006641,0.000033,13.951925,0.447925,0.926393,
5.623500,1.899002,0.006613,0.000033,13.937425,0.447867,0.926343,
5.627971,1.899113,0.006608,0.000034,13.895873,0.447837,0.925894,
5.628920,1.893262,0.006605,0.000034,13.864450,0.448061,0.917614,
5.632535,1.895507,0.006601,0.000034,13.823163,0.447969,0.917130,
5.630996,1.895506,0.006594,0.000033,13.805776,0.447920,0.917120,
5.635406,1.897714,0.006603,0.000033,13.769842,0.447755,0.917511,
5.635733,1.897548,0.006612,0.000033,13.741481,0.447939,0.917566,
5.641493,1.899743,0.006627,0.000033,13.703286,0.447838,0.917502,
5.639572,1.896800,0.006612,0.000033,13.675920,0.447867,0.917900,
5.644479,1.896765,0.006614,0.000033,13.641966,0.447282,0.918267,
5.642759,1.894086,0.006598,0.000033,13.621445,0.446460,0.918197,
5.642924,1.892913,0.006591,0.000033,13.578824,0.446240,0.917114,
5.636469,1.891882,0.006577,0.000032,13.566726,0.445768,0.918602,
5.643693,1.887083,0.006579,0.000032,13.566615,0.445417,0.918699,
5.650773,1.887967,0.006580,0.000032,13.567354,0.445088,0.919387,
5.662150,1.887712,0.006583,0.000032,13.567060,0.445943,0.920058,
5.672385,1.889993,0.006598,0.000032,13.559354,0.446688,0.921029,
5.680899,1.885817,0.007803,0.000032,13.567636,0.446169,0.920992,
5.693853,1.891988,0.007811,0.000032,13.549978,0.446029,0.920480,
5.689965,1.892201,0.007815,0.000032,13.538142,0.445559,0.917627,
5.696242,1.891868,0.007809,0.000032,13.540898,0.445516,0.918135,
5.696655,1.891842,0.007816,0.000032,13.548985,0.443960,0.918078,
5.698871,1.894257,0.007848,0.000032,13.536597,0.443906,0.911558,
5.700955,1.894228,0.007858,0.000032,13.525020,0.443664,0.911589,
5.709162,1.894420,0.007867,0.000032,13.502218,0.443676,0.911588,
5.713618,1.895340,0.007877,0.000033,13.496634,0.443304,0.910479,
5.721818,1.904055,0.007896,0.000032,13.472047,0.442992,0.910560,
5.731573,1.905715,0.007899,0.000032,13.456440,0.442859,0.911284,
5.741278,1.907840,0.007901,0.000032,13.441522,0.442616,0.911686,
5.750938,1.909063,0.007907,0.000032,13.435666,0.442787,0.912085,
5.759570,1.910284,0.007914,0.000032,13.419091,0.442904,0.913427,
5.761547,1.912499,0.007925,0.000032,13.423619,0.442836,0.913891,
5.764930,1.923902,0.007939,0.000032,13.424702,0.442617,0.914064,
5.767083,1.922866,0.007935,0.000033,13.428809,0.442482,0.914415,
5.769143,1.929481,0.007943,0.000033,13.432136,0.442612,0.914608,
5.769896,1.934117,0.007962,0.000033,13.439463,0.443013,0.914729,
5.771970,1.941096,0.007969,0.000033,13.435104,0.443037,0.914724,
5.780023,1.939087,0.007975,0.000033,13.451338,0.443122,0.914843,
5.784965,1.946720,0.007997,0.000033,13.449639,0.443317,0.914506,
5.783667,1.947304,0.008009,0.000033,13.443615,0.443969,0.914528,
5.786179,1.954151,0.008010,0.000033,13.432016,0.444457,0.914553,
5.786634,1.954761,0.008037,0.000033,13.436978,0.444731,0.914570,
5.792132,1.961549,0.008044,0.000034,13.421809,0.443739,0.913480,
5.785597,1.959327,0.008038,0.000034,13.403441,0.443849,0.913303,
5.778347,1.958090,0.008037,0.000034,13.375434,0.444031,0.912559,
5.766005,1.955801,0.008036,0.000034,13.360641,0.442894,0.911859,
5.764904,1.953615,0.008018,0.000034,13.343252,0.441904,0.910433,
5.755887,1.952084,0.006825,0.000034,13.321642,0.442307,0.910410,
5.753497,1.955933,0.006830,0.000034,13.319118,0.442261,0.909928,
5.756122,1.955721,0.006838,0.000034,13.320935,0.442380,0.909956,
5.752067,1.956804,0.006841,0.000034,13.309177,0.442197,0.909351,
5.752827,1.956701,0.006827,0.000034,13.298738,0.442378,0.909840,
5.750627,1.956741,0.006816,0.000034,13.297587,0.442107,0.909409,
5.750281,1.956622,0.006821,0.000034,13.293956,0.442044,0.909565,
5.743113,1.958265,0.006822,0.000034,13.303985,0.442062,0.909559,
5.741085,1.956999,0.006816,0.000034,13.313192,0.442167,0.909669,
5.736155,1.951190,0.006815,0.000035,13.322048,0.442179,0.909779,
5.732785,1.950312,0.006814,0.000035,13.339834,0.442570,0.909138,
5.733312,1.951995,0.006823,0.000035,13.350559,0.442870,0.918296,
5.731229,1.951308,0.006826,0.000035,13.356648,0.442782,0.918782,
5.729428,1.953220,0.006832,0.000035,13.362345,0.442993,0.917420,
5.729756,1.950806,0.006823,0.000035,13.379615,0.442957,0.917400,
5.730868,1.941444,0.006819,0.000035,13.383236,0.443112,0.917193,
5.729286,1.939760,0.006810,0.000034,13.397149,0.443335,0.917223,
5.730538,1.935247,0.006817,0.000034,13.386483,0.443394,0.916587,
5.731306,1.929033,0.006794,0.000034,13.399920,0.443118,0.916625,
5.733521,1.934180,0.006804,0.000034,13.406011,0.443344,0.917258,
5.727962,1.934347,0.006810,0.000034,13.405142,0.443495,0.917235,
5.728140,1.931430,0.006808,0.000034,13.403560,0.444258,0.917601,
5.731139,1.930852,0.006806,0.000034,13.417324,0.444262,0.917687,
5.731685,1.926104,0.006819,0.000034,13.402463,0.444270,0.917655,
5.730961,1.925460,0.006807,0.000034,13.403383,0.444372,0.917294,
5.727774,1.928472,0.006819,0.000034,13.381993,0.444333,0.916847,
5.726386,1.928329,0.006816,0.000034,13.376836,0.444439,0.916106,
5.727051,1.927381,0.006811,0.000034,13.375235,0.444368,0.915599,
5.728677,1.927302,0.006805,0.000033,13.374264,0.444337,0.915716,
5.730342,1.929622,0.006821,0.000034,13.347126,0.444527,0.915712,
5.731146,1.928945,0.006814,0.000034,13.330413,0.444397,0.915389,
5.726502,1.918989,0.006809,0.000034,13.315425,0.444613,0.915886,
5.724912,1.919025,0.006792,0.000034,13.299917,0.444633,0.916242,
5.735639,1.917107,0.006777,0.000034,13.292884,0.444596,0.916739,
5.735222,1.918691,0.006786,0.000034,13.277185,0.444369,0.916702,
5.735744,1.923438,0.006768,0.000034,13.265437,0.444558,0.916750,
5.736705,1.923601,0.006753,0.000034,13.254032,0.444584,0.916566,
5.738471,1.934706,0.006756,0.000034,13.244946,0.444265,0.916127,
5.739350,1.934683,0.006754,0.000034,13.225308,0.444334,0.916122,
5.738639,1.943543,0.006752,0.000034,13.204304,0.444277,0.915842,
5.737180,1.945752,0.006742,0.000034,13.181911,0.443963,0.917129,
5.733193,1.941946,0.006737,0.000034,13.175097,0.443589,0.908148,
5.728795,1.941478,0.006733,0.000034,13.148121,0.445303,0.907630,
5.726735,1.938334,0.006727,0.000034,13.139713,0.444904,0.907589,
5.724860,1.941395,0.006735,0.000034,13.110373,0.444855,0.908836,
5.724882,1.941207,0.006726,0.000034,13.108874,0.444515,0.908473,
5.726410,1.944341,0.006742,0.000034,13.076991,0.444080,0.908000,
5.725486,1.942185,0.006748,0.000034,13.059758,0.443834,0.908439,
5.725318,1.941717,0.006749,0.000034,13.054666,0.444173,0.908419,
5.746500,1.929729,0.006743,0.000034,13.049235,0.443984,0.907856,
5.744916,1.930063,0.006729,0.000034,13.018620,0.443762,0.907374,
5.746870,1.925467,0.006716,0.000034,13.016700,0.442849,0.906930,
5.745717,1.936247,0.006723,0.000034,12.997801,0.442716,0.906643,
5.749653,1.942446,0.006721,0.000034,13.006315,0.442722,0.906680,
5.750388,1.943627,0.006723,0.000035,12.994207,0.442544,0.907160,
5.753862,1.935600,0.006714,0.000035,12.988184,0.442552,0.907086,
5.753221,1.947985,0.006720,0.000035,12.964797,0.442359,0.906996,
5.755358,1.947889,0.006726,0.000035,12.949743,0.442013,1.343332,
5.752841,1.948224,0.006740,0.000035,12.917805,0.442988,1.361984,
5.755533,1.946037,0.006738,0.000035,12.913400,0.442495,1.362436,
5.755322,1.946187,0.006740,0.000035,12.910883,0.442248,1.362307,
5.755930,1.949214,0.006744,0.000035,12.897368,0.441621,1.362255,
5.756692,1.949192,0.006761,0.000035,12.893291,0.441465,1.361933,
5.745095,1.951365,0.006773,0.000035,12.885966,0.441083,1.362628,
5.748822,1.949877,0.006750,0.000035,12.898213,0.440749,1.362602,
5.750285,1.942825,0.006746,0.000034,12.904307,0.440369,1.362533,
5.748857,1.944496,0.006751,0.000034,12.922498,0.440147,1.362065,
5.750127,1.931612,0.006729,0.000034,12.934569,0.440023,1.362533,
5.748078,1.932008,0.006709,0.000034,12.962115,0.439539,1.362381,
5.747281,1.920356,0.006689,0.000034,12.993447,0.439516,1.361938,
5.747468,1.917285,0.006674,0.000034,13.020602,0.439110,1.360644,
5.745559,1.919718,0.006674,0.000034,13.020923,0.438871,1.360407,
5.747309,1.919620,0.006652,0.000034,13.026616,0.436835,1.360389,
5.749416,1.920877,0.006632,0.000033,13.055150,0.436844,1.361461,
5.753794,1.917913,0.006603,0.000033,13.081214,0.436590,1.359789,
5.751510,1.916153,0.006590,0.000033,13.090960,0.436669,1.359699,
5.748754,1.915085,0.006584,0.000033,13.135242,0.436598,1.359806,
5.751554,1.916420,0.006569,0.000033,13.163891,0.436680,1.361061,
5.752993,1.917559,0.006567,0.000033,13.183463,0.436061,1.360562,
5.732502,1.920645,0.006537,0.000033,13.200256,0.435682,1.360005,
5.733577,1.922422,0.006536,0.000033,13.248258,0.435534,1.361056,
5.733466,1.922425,0.006518,0.000033,13.266695,0.435331,1.361518,
5.731752,1.911733,0.006490,0.000033,13.296295,0.434949,1.361733,
5.730706,1.903383,0.006470,0.000032,13.304899,0.434734,1.363901,
5.730705,1.902304,0.006446,0.000032,13.330921,0.434599,1.363915,
5.731375,1.900732,0.006433,0.000033,13.353637,0.434705,1.366669,
5.732111,1.889013,0.006413,0.000033,13.389217,0.434444,1.366846,
5.732240,1.889109,0.006394,0.000033,13.415323,0.434770,0.930977,
5.733490,1.890041,0.006369,0.000033,13.458454,0.433502,0.912822,
5.728777,1.889871,0.006341,0.000033,13.494053,0.433556,0.912877,
5.729545,1.901426,0.006334,0.000033,13.508763,0.433836,0.914851,
5.730563,1.898263,0.006306,0.000033,13.554264,0.434008,0.914859,
5.729405,1.911575,0.006280,0.000033,13.585970,0.433859,0.915209,
5.731865,1.914952,0.006257,0.000033,13.614184,0.434143,0.915628,
5.727813,1.914881,0.006255,0.000033,13.617096,0.434406,0.915582,
5.728982,1.914908,0.006248,0.000033,13.635744,0.434419,0.915987,
5.729182,1.913228,0.006233,0.000033,13.638745,0.434408,0.916389,
5.729530,1.913170,0.006227,0.000033,13.654295,0.434480,0.916370,
5.730469,1.912881,0.006232,0.000033,13.648502,0.434915,0.916325,
5.731917,1.912748,0.006224,0.000033,13.676062,0.434975,0.917129,
5.731763,1.917131,0.006241,0.000033,13.689640,0.435147,0.917929,
5.731896,1.914814,0.006221,0.000033,13.734059,0.435679,0.917894,
5.786815,1.924731,0.006245,0.000033,13.815920,0.436030,0.918062,
5.786988,1.931129,0.006266,0.000034,13.842057,0.436115,0.916907,
5.782781,1.931148,0.006272,0.000034,13.890381,0.436730,0.917304,
5.784711,1.935956,0.006291,0.000034,13.918107,0.437208,0.919770,
5.786203,1.934685,0.006283,0.000034,13.938041,0.437809,0.919693,
5.786705,1.933935,0.006276,0.000034,13.955723,0.437897,0.918410,
5.783599,1.935097,0.006263,0.000034,13.972170,0.438496,0.918764,
5.785875,1.932026,0.006266,0.000034,14.000447,0.439267,0.919259,
5.784868,1.941862,0.006257,0.000033,14.018390,0.439698,0.918819,
5.787825,1.942673,0.006259,0.000033,14.055186,0.440282,0.918908,
5.788991,1.945719,0.006288,0.000033,14.061389,0.440841,0.918464,
5.787323,1.946752,0.006302,0.000034,14.092446,0.441320,0.916257,
5.794039,1.946789,0.006298,0.000034,14.102345,0.441951,0.918064,
5.792198,1.946602,0.006293,0.000033,14.136084,0.442272,0.915298,
5.797546,1.946066,0.006294,0.000033,14.174081,0.442905,0.916486,
5.798381,1.958944,0.006293,0.000033,14.196456,0.443381,0.916031,
5.802369,1.958190,0.006297,0.000033,14.227385,0.444423,0.915468,
5.802820,1.962564,0.006325,0.000033,14.250702,0.445319,0.917807,
5.805390,1.951112,0.006307,0.000033,14.291984,0.445687,0.917087,
5.808908,1.951890,0.006312,0.000033,14.312344,0.446433,0.916703,
5.811137,1.951414,0.006334,0.000033,14.329930,0.447289,0.917950,
5.815686,1.945935,0.006340,0.000033,14.359180,0.447841,0.916772,
5.818521,1.946100,0.006346,0.000033,14.381749,0.448162,0.916821,
5.815997,1.945939,0.006345,0.000033,14.409777,0.448778,0.916443,
5.820270,1.945881,0.006341,0.000033,14.436329,0.449517,0.918251,
5.818807,1.945953,0.006345,0.000033,14.462060,0.450200,0.918285,
5.823627,1.945931,0.006343,0.000033,14.493498,0.450795,0.918503,
5.825465,1.957963,0.006364,0.000033,14.496640,0.451096,0.918312,
5.830262,1.954223,0.006352,0.000033,14.508204,0.451586,0.917405,
5.831116,1.956129,0.006348,0.000033,14.479523,0.451746,0.918270,
5.776022,1.946233,0.006323,0.000033,14.433951,0.452267,0.918208,
5.773890,1.941888,0.006322,0.000033,14.418516,0.452837,0.917848,
5.776884,1.941898,0.006321,0.000032,14.408909,0.453214,0.918652,
5.783299,1.936991,0.006300,0.000032,14.409297,0.453482,0.916690,
5.785276,1.936288,0.006290,0.000032,14.411455,0.453621,0.916698,
5.786835,1.935905,0.006284,0.000032,14.432940,0.454160,0.916362,
5.789030,1.946257,0.006298,0.000032,14.420757,0.454182,0.916482,
5.788849,1.946371,0.006303,0.000032,14.423535,0.454197,0.916465,
5.789636,1.936035,0.006297,0.000032,14.405664,0.454297,0.916264,
5.784601,1.935131,0.006295,0.000032,14.408874,0.454288,0.916156,
5.786911,1.934693,0.006261,0.000032,14.416657,0.454469,0.923355,
5.787622,1.935029,0.006256,0.000032,14.425739,0.454608,0.923415,
5.785200,1.935089,0.006258,0.000032,14.428712,0.454427,0.921594,
5.785158,1.947222,0.006276,0.000032,14.432247,0.454272,0.921778,
5.784057,1.947202,0.006284,0.000032,14.425694,0.454410,0.920473,
5.782547,1.934295,0.006287,0.000032,14.426761,0.454409,0.920991,
5.779725,1.933830,0.006272,0.000032,14.424668,0.454057,0.921022,
5.780644,1.929441,0.006249,0.000032,14.396175,0.453734,0.920652,
5.779221,1.929277,0.006251,0.000032,14.389887,0.453459,0.919547,
5.780070,1.928622,0.006250,0.000032,14.374246,0.453184,0.920088,
5.779809,1.916076,0.006235,0.000032,14.360163,0.454074,0.918417,
5.778842,1.915956,0.006230,0.000032,14.335000,0.453987,0.918038,
5.778220,1.928600,0.006228,0.000032,14.321099,0.454074,0.918216,
5.783483,1.928705,0.006235,0.000032,14.289516,0.454205,0.918253,
5.781168,1.931838,0.006238,0.000032,14.265686,0.454143,0.916605,
5.784523,1.931929,0.006244,0.000032,14.248861,0.454115,0.916643,
5.782499,1.932346,0.006256,0.000032,14.232192,0.453972,0.916728,
5.782469,1.920331,0.006239,0.000032,14.230302,0.454254,0.916863,
5.782130,1.923338,0.006240,0.000033,14.203524,0.454338,0.917010,
5.786520,1.922316,0.006250,0.000033,14.221982,0.454495,0.916408,
5.794534,1.923227,0.006263,0.000032,14.215242,0.456797,0.916605,
5.800088,1.920828,0.006252,0.000032,14.226421,0.456670,0.917769,
5.806350,1.921296,0.006260,0.000033,14.218664,0.456676,0.917066,
5.802972,1.934103,0.006276,0.000033,14.214143,0.456353,0.916665,
5.807170,1.934157,0.006279,0.000033,14.193742,0.456627,0.918709,
5.805931,1.936667,0.006297,0.000033,14.166906,0.456504,0.919141,
5.807881,1.923871,0.006286,0.000033,14.155570,0.456656,0.920661,
5.809333,1.927152,0.006303,0.000033,14.141783,0.457035,0.923522,
5.811903,1.926212,0.006308,0.000033,14.146695,0.458630,0.924401,
5.818128,1.926939,0.006316,0.000033,14.134724,0.459383,0.924489,
5.821044,1.937202,0.007429,0.000033,14.124888,0.459925,0.918279,
5.827549,1.935879,0.007426,0.000033,14.100019,0.460544,0.918985,
5.827109,1.939135,0.007427,0.000033,14.084189,0.461611,0.918976,
5.834222,1.927015,0.007407,0.000033,14.070640,0.462874,0.919520,
5.834625,1.930444,0.007417,0.000033,14.039769,0.464213,0.919155,
5.836306,1.930411,0.007424,0.000033,14.031342,0.465552,0.919138,
5.841477,1.930379,0.007425,0.000033,14.013584,0.467365,0.921198,
5.841687,1.930331,0.007424,0.000033,14.029405,0.469408,0.918867,
5.847717,1.930349,0.007422,0.000033,14.011626,0.471803,0.918932,
5.846998,1.941166,0.007435,0.000032,13.988218,0.475203,0.918843,
5.855417,1.940797,0.007430,0.000032,13.964106,0.476663,0.919379,
5.855491,1.952513,0.007444,0.000032,13.931827,0.479262,0.919830,
5.864322,1.939627,0.007442,0.000033,13.918043,0.482468,0.919317,
5.866611,1.953224,0.007437,0.000032,13.889988,0.485281,0.919333,
5.875442,1.950040,0.007443,0.000032,13.871748,0.488627,0.919359,
5.876509,1.962536,0.007436,0.000032,13.801943,0.491803,0.919335,
5.889638,1.961951,0.007419,0.000032,13.743220,0.495125,0.919144,
5.894342,1.961855,0.007417,0.000032,13.676144,0.498558,0.918993,
5.900258,1.958199,0.007411,0.000032,13.604610,0.502168,0.918950,
5.903925,1.957212,0.007400,0.000032,13.515003,0.505796,0.919173,
5.901566,1.959497,0.007407,0.000032,13.421889,0.507189,0.919625,
5.906024,1.958647,0.007400,0.000032,13.313288,0.511396,0.919007,
5.905657,1.969712,0.007408,0.000032,13.196279,0.515503,0.918918,
5.914449,1.956965,0.007397,0.000032,13.080029,0.519790,0.919281,
5.917966,1.956785,0.007393,0.000031,12.975911,0.524458,0.917255,
5.923820,1.960521,0.007375,0.000031,12.869121,0.528809,0.917197,
5.933391,1.960596,0.007372,0.000031,12.779340,0.533028,0.917749,
5.935920,1.957075,0.007352,0.000031,12.668210,0.536956,0.914974,
5.940170,1.959312,0.007361,0.000032,12.542245,0.539584,0.914067,
5.943626,1.958527,0.007357,0.000032,12.423510,0.545386,0.913996,
5.944138,1.947531,0.006250,0.000032,12.329503,0.548851,0.913447,
5.942407,1.950610,0.006243,0.000032,12.232017,0.551746,0.912656,
5.943941,1.947103,0.006243,0.000032,12.158544,0.554396,0.912509,
5.940432,1.958208,0.006245,0.000032,12.074506,0.556852,0.911897,
5.943055,1.954632,0.006224,0.000032,12.020608,0.558968,0.912177,
5.944901,1.954618,0.006219,0.000032,11.952230,0.560770,0.912182,
5.944039,1.954717,0.006221,0.000032,11.874720,0.562155,0.910131,
5.940172,1.954803,0.006223,0.000032,11.818729,0.563518,0.910465,
5.936152,1.957627,0.006240,0.000031,11.747349,0.564731,0.910738,
5.931851,1.946657,0.006226,0.000032,11.688251,0.564922,0.910290,
5.922132,1.958484,0.006232,0.000032,11.624341,0.565643,0.910213,
5.919177,1.946720,0.006229,0.000032,11.583010,0.569170,0.909851,
5.908307,1.946746,0.006231,0.000032,11.542852,0.569382,0.910284,
5.904212,1.933048,0.006231,0.000032,11.504891,0.569576,0.910286,
5.894166,1.932999,0.006230,0.000032,11.461780,0.569262,0.910236,
5.888796,1.920323,0.006238,0.000032,11.449143,0.569000,0.910196,
5.875403,1.920342,0.006246,0.000032,11.435809,0.568503,0.909806,
5.866040,1.920357,0.006255,0.000032,11.421417,0.567581,0.909378,
5.857031,1.920259,0.006264,0.000032,11.418310,0.566524,0.908927,
5.846156,1.920204,0.006261,0.000032,11.423948,0.565275,0.908622,
5.836554,1.922710,0.006253,0.000032,11.440360,0.563846,0.908001,
5.827891,1.922627,0.006250,0.000033,11.466197,0.562225,0.907602,
5.817095,1.912704,0.006232,0.000032,11.512675,0.560406,0.908053,
5.805491,1.912549,0.006227,0.000032,11.553226,0.558772,0.908178,
5.794331,1.912573,0.006228,0.000032,11.588106,0.556255,0.908279,
5.783179,1.907795,0.006234,0.000032,11.630283,0.554079,0.908002,
5.771011,1.907684,0.006233,0.000032,11.682853,0.551931,0.905717,
5.760859,1.920603,0.006246,0.000032,11.722373,0.549538,0.905753,
5.752993,1.917506,0.006231,0.000032,11.781394,0.549753,0.905837,
5.739480,1.917626,0.006230,0.000032,11.833372,0.545090,0.907503,
5.733346,1.915590,0.006225,0.000032,11.860836,0.542539,0.907618,
5.723265,1.912361,0.006568,0.000032,11.901446,0.540234,0.907714,
5.714049,1.912392,0.006568,0.000032,11.906767,0.537844,0.907473,
5.708146,1.902907,0.006562,0.000032,11.917080,0.535400,0.907868,
5.697258,1.902939,0.006563,0.000032,11.915655,0.532956,0.908138,
5.691867,1.903777,0.006570,0.000032,11.896948,0.530696,0.908235,
5.680906,1.903717,0.006578,0.000032,11.906891,0.528357,0.908364,
5.676227,1.903739,0.006578,0.000032,11.891335,0.525705,0.908107,
5.672290,1.900905,0.006567,0.000032,11.904057,0.523049,0.907969,
5.667927,1.912644,0.006580,0.000032,11.907470,0.520135,0.908491,
5.667518,1.900968,0.006578,0.000032,11.939328,0.517551,0.910882,
5.661726,1.901066,0.006576,0.000031,11.953781,0.511936,0.910877,
5.660979,1.903841,0.006580,0.000032,11.962225,0.509172,0.910941,
5.655075,1.903789,0.006581,0.000032,11.989048,0.506626,0.910996,
5.651321,1.903784,0.006573,0.000032,11.997009,0.504238,0.911072,
5.650134,1.903870,0.006569,0.000032,12.033697,0.501763,0.910856,
5.644823,1.915825,0.006585,0.000032,12.054882,0.499487,0.911337,
5.646087,1.916039,0.006575,0.000032,12.069129,0.499867,0.911773,
5.640529,1.916057,0.006564,0.000032,12.104663,0.497788,0.912184,
5.639275,1.919232,0.006570,0.000032,12.113364,0.495893,0.912132,
5.637349,1.913425,0.006560,0.000032,12.147166,0.493944,0.912210,
5.635173,1.913587,0.006567,0.000032,12.161022,0.492033,0.912665,
5.636137,1.911948,0.006566,0.000032,12.177676,0.490184,0.912314,
5.631515,1.924853,0.006567,0.000032,12.193354,0.488034,0.912279,
5.632900,1.924867,0.006568,0.000032,12.223763,0.486229,0.916404,
5.631510,1.924035,0.006566,0.000032,12.247640,0.484493,0.916862,
5.629504,1.924236,0.006568,0.000032,12.241939,0.486494,0.918890,
5.629029,1.911390,0.006552,0.000032,12.271414,0.485172,0.919686,
5.626246,1.915291,0.006557,0.000032,12.270595,0.481334,0.921076,
5.627930,1.915859,0.006562,0.000032,12.278068,0.480162,0.919613,
5.625287,1.919282,0.006582,0.000032,12.281403,0.479219,0.919810,
5.631572,1.919432,0.006239,0.000032,12.304044,0.478491,0.919884,
5.641393,1.920292,0.006238,0.000032,12.330341,0.477776,0.919997,
5.645414,1.919437,0.006254,0.000032,12.372411,0.477158,0.920584,
5.646667,1.933051,0.006253,0.000032,12.389525,0.476456,0.920931,
5.647470,1.932245,0.006245,0.000032,12.434423,0.476144,0.920897,
5.647827,1.946405,0.006234,0.000032,12.454049,0.475842,0.920905,
5.653435,1.946302,0.006231,0.000032,12.483061,0.475710,0.922121,
5.651650,1.959213,0.006243,0.000032,12.499407,0.477484,0.922476,
5.655623,1.947504,0.006228,0.000032,12.522478,0.477470,0.922460,
5.654298,1.947359,0.006223,0.000033,12.528769,0.477149,0.920223,
5.664989,1.947439,0.006220,0.000033,12.519743,0.477283,0.920341,
5.662184,1.944782,0.006215,0.000033,12.541727,0.477306,0.921427,
5.662665,1.948970,0.006240,0.000033,12.547788,0.477323,0.921872,
5.663957,1.950986,0.006252,0.000033,12.575206,0.477156,0.922630,
5.661817,1.953035,0.006250,0.000033,12.552752,0.477053,0.922636,
5.664526,1.941208,0.006229,0.000033,12.553364,0.476960,0.922999,
5.662690,1.954151,0.006230,0.000033,12.548237,0.474344,0.922957,
5.667352,1.954142,0.006232,0.000033,12.536715,0.477332,0.923036,
5.668680,1.950984,0.006230,0.000033,12.549788,0.477158,0.923355,
5.673569,1.951138,0.006232,0.000034,12.542390,0.476989,0.925833,
5.672207,1.951117,0.006231,0.000034,12.547483,0.476883,0.925834,
5.671790,1.954988,0.006262,0.000033,12.529959,0.476485,0.925845,
5.672560,1.942746,0.006275,0.000033,12.535364,0.476614,0.925487,
5.684558,1.942805,0.006286,0.000033,12.504684,0.476388,0.921814,
5.687913,1.941914,0.006278,0.000033,12.480947,0.476328,0.921798,
5.685153,1.941733,0.006286,0.000033,12.484689,0.472441,0.920100,
5.687882,1.941749,0.006289,0.000033,12.467258,0.472237,0.922630,
5.687215,1.937776,0.006283,0.000033,12.477483,0.471938,0.920898,
5.685051,1.940449,0.006296,0.000033,12.453740,0.471801,0.920770,
5.686212,1.937126,0.006277,0.000033,12.454425,0.471632,0.920171,
5.680798,1.949524,0.006278,0.000033,12.439570,0.471608,0.920202,
5.675571,1.948679,0.006284,0.000033,12.437160,0.471531,0.920654,
5.669477,1.947894,0.007081,0.000033,12.408874,0.471645,0.919888,
5.672654,1.934460,0.007086,0.000033,12.387648,0.472001,0.921772,
5.677466,1.934586,0.007085,0.000033,12.362775,0.472211,0.921756,
5.679666,1.924670,0.007105,0.000033,12.362759,0.472853,0.921765,
5.678868,1.924663,0.007106,0.000033,12.340118,0.473051,0.922282,
5.678888,1.911722,0.007100,0.000033,12.299524,0.471170,0.922200,
5.678866,1.911692,0.007102,0.000033,12.285599,0.471300,0.925398,
5.678337,1.912299,0.007111,0.000033,12.257124,0.471687,0.925306,
5.671953,1.912270,0.007111,0.000033,12.238539,0.471822,0.925572,
5.673645,1.912155,0.007109,0.000033,12.205517,0.471948,0.924076,
5.674283,1.907998,0.007080,0.000033,12.178757,0.471940,0.924039,
5.676629,1.905961,0.007069,0.000033,12.142732,0.472033,0.923229,
5.677040,1.903812,0.007067,0.000033,12.132280,0.472024,0.923526,
5.678329,1.903724,0.007065,0.000033,12.093763,0.472115,0.923109,
5.679039,1.890568,0.007067,0.000033,12.092191,0.472272,0.922726,
5.681836,1.890563,0.007066,0.000032,12.084545,0.469268,0.922685,
5.685555,1.890564,0.007064,0.000032,12.087599,0.469333,0.922621,
5.683625,1.890868,0.007067,0.000032,12.094378,0.469489,0.920254,
5.685149,1.890893,0.007070,0.000032,12.073324,0.469555,0.922564,
5.683805,1.887123,0.007037,0.000033,12.078607,0.470105,0.922594,
5.684952,1.890934,0.007040,0.000032,12.072328,0.470181,0.922596,
5.672446,1.890865,0.007037,0.000033,12.090496,0.470376,0.922200,
5.670692,1.891966,0.007051,0.000033,12.089080,0.470443,0.922139,
5.675130,1.891961,0.007040,0.000033,12.063490,0.470528,0.921630,
5.672912,1.891792,0.007035,0.000033,12.063099,0.470555,0.918303,
5.684323,1.891685,0.007031,0.000032,12.047336,0.470595,0.918297,
5.685366,1.888440,0.007016,0.000033,12.052947,0.470554,0.918371,
5.684579,1.888454,0.007023,0.000032,12.040286,0.470654,0.918840,
5.689940,1.876049,0.007024,0.000032,12.019040,0.470724,0.918961,
5.686979,1.876393,0.017271,0.000032,11.987959,0.470728,0.919245,
5.690734,1.876465,0.016468,0.000032,11.956569,0.470565,0.919126,
5.687720,1.876369,0.016466,0.000032,11.964457,0.470354,0.916475,
5.680800,1.879372,0.016482,0.000032,11.950487,0.469878,0.916135,
5.686347,1.875140,0.016469,0.000032,11.923532,0.469318,0.916841,
5.683126,1.887143,0.016486,0.000032,11.915478,0.469208,0.915060,
5.703065,1.887178,0.016478,0.000032,11.946179,0.469186,0.915021,
5.701398,1.887165,0.016476,0.000033,11.948983,0.469260,0.911404,
5.704747,1.889213,0.016475,0.000033,11.961950,0.469293,0.911019,
5.702652,1.889053,0.016473,0.000033,11.977905,0.469342,0.911062,
5.703693,1.889043,0.016478,0.000032,11.957669,0.469671,0.911467,
5.706886,1.889041,0.016481,0.000032,11.974894,0.470136,0.911286,
5.706490,1.890112,0.016491,0.000032,11.992659,0.470602,0.911509,
5.711801,1.890296,0.016497,0.000032,12.003506,0.472482,0.913924,
5.710649,1.890354,0.016496,0.000032,12.036107,0.473070,0.913977,
5.711756,1.893682,0.016516,0.000032,12.034141,0.473461,0.914409,
5.707397,1.893692,0.016517,0.000032,12.061100,0.474090,0.914461,
5.706779,1.893752,0.016521,0.000032,12.057245,0.474757,0.914235,
5.710629,1.893801,0.016521,0.000032,12.056474,0.475415,0.915653,
5.709995,1.905295,0.016529,0.000032,12.058695,0.476109,0.915119,
5.716309,1.908066,0.016532,0.000032,12.024052,0.476695,0.918860,
5.727956,1.903701,0.016519,0.000032,11.984983,0.477301,0.919362,
5.730157,1.905073,0.016522,0.000032,11.940961,0.477989,0.920242,
5.734590,1.904096,0.016516,0.000032,11.926436,0.478509,0.920311,
5.733449,1.904122,0.016516,0.000032,11.922740,0.478886,0.920696,
5.739663,1.905120,0.016531,0.000033,11.904546,0.484666,0.920679,
5.731225,1.905147,0.016633,0.000033,11.892946,0.485106,0.920647,
5.733149,1.905128,0.016647,0.000033,11.860810,0.485412,0.920601,
5.738565,1.905051,0.016640,0.000033,11.844739,0.487981,0.920543,
5.736621,1.905053,0.016646,0.000033,11.844131,0.487924,0.920385,
5.739083,1.907979,0.006405,0.000033,11.844895,0.488081,0.921719,
5.739026,1.907856,0.006410,0.000034,11.873636,0.487846,0.922116,
5.742662,1.907839,0.006407,0.000034,11.862396,0.487761,0.924187,
5.747962,1.904705,0.006395,0.000033,11.890885,0.487767,0.924559,
5.745461,1.916312,0.006400,0.000033,11.912716,0.487653,0.925025,
5.758271,1.904343,0.006382,0.000033,11.948587,0.487330,0.925474,
5.740859,1.915918,0.006396,0.000034,11.952291,0.487119,0.925492,
5.745646,1.916084,0.006396,0.000033,11.988070,0.486681,0.925850,
5.745344,1.913456,0.006389,0.000033,12.024349,0.486138,0.926229,
5.751070,1.913629,0.006385,0.000033,12.051575,0.485564,0.928510,
5.753142,1.913673,0.006384,0.000033,12.096242,0.484691,0.928429,
5.756713,1.913734,0.006382,0.000034,12.107694,0.483882,0.930400,
5.759081,1.912791,0.006386,0.000034,12.124280,0.483083,0.930146,
5.757525,1.915651,0.006398,0.000034,12.147674,0.480972,0.927311,
5.759577,1.915601,0.006407,0.000034,12.165243,0.480005,0.927306,
5.761708,1.915416,0.006405,0.000034,12.157104,0.479219,0.927287,
5.768321,1.915539,0.006405,0.000034,12.146111,0.478383,0.927232,
5.769133,1.928118,0.006403,0.000033,12.137677,0.477439,0.927187,
5.770591,1.927649,0.006394,0.000034,12.128447,0.476128,0.925508,
5.772123,1.916077,0.006389,0.000033,12.138502,0.474884,0.923628,
5.773305,1.914192,0.006389,0.000033,12.156218,0.473762,0.919806,
5.764243,1.914153,0.006395,0.000033,12.192560,0.472826,0.921055,
5.764387,1.912989,0.006387,0.000033,12.228951,0.471795,0.920568,
5.766126,1.913035,0.006387,0.000033,12.259908,0.470996,0.920090,
5.767724,1.926229,0.006402,0.000033,12.272397,0.470332,0.920120,
5.767457,1.925315,0.006399,0.000032,12.291940,0.464222,0.920059,
5.768595,1.925376,0.006297,0.000032,12.335739,0.463753,0.920612,
5.773163,1.925549,0.006289,0.000032,12.380543,0.463194,0.922315,
5.770860,1.925694,0.006296,0.000032,12.429639,0.460337,0.922267,
5.775070,1.925720,0.006288,0.000032,12.448054,0.460102,0.921824,
5.775637,1.922511,0.006283,0.000032,12.492371,0.459817,0.920083,
5.775920,1.925692,0.006292,0.000032,12.493723,0.459909,0.920075,
5.779836,1.925782,0.006293,0.000032,12.524942,0.459994,0.918329,
5.781409,1.925751,0.006287,0.000032,12.506819,0.460023,0.918298,
5.785513,1.916569,0.006281,0.000033,12.507624,0.459969,0.917113,
5.777693,1.928170,0.006296,0.000033,12.485779,0.460222,0.917028,
5.781953,1.916494,0.006278,0.000033,12.480973,0.460425,0.917956,
5.780233,1.916366,0.006277,0.000033,12.461973,0.460876,0.918101,
5.784464,1.916551,0.006282,0.000032,12.434315,0.461392,0.918199,
5.782800,1.916530,0.006285,0.000033,12.429011,0.461941,0.915499,
5.783775,1.919490,0.006293,0.000032,12.420729,0.462555,0.915628,
5.781639,1.919456,0.006295,0.000032,12.428671,0.463147,0.913980,
5.785643,1.923258,0.006303,0.000032,12.449825,0.464642,0.914093,
5.786707,1.921365,0.006299,0.000032,12.462831,0.465112,0.914659,
5.786974,1.921555,0.009345,0.000032,12.441233,0.465358,0.915195,
5.789650,1.920784,0.009324,0.000032,12.486091,0.465773,0.915221,
5.785930,1.920909,0.009328,0.000032,12.504858,0.465997,0.914937,
5.791169,1.908386,0.009329,0.000032,12.549500,0.466247,0.915062,
5.790311,1.909597,0.009343,0.000032,12.575176,0.466674,0.915275,
5.796433,1.909679,0.009331,0.000032,12.602096,0.466920,0.915416,
5.793456,1.915918,0.009331,0.000032,12.637869,0.466991,0.915544,
5.797322,1.915989,0.009326,0.000032,12.670872,0.467046,0.914236,
5.797287,1.928167,0.009325,0.000032,12.707971,0.466838,0.914269,
5.800192,1.928123,0.009322,0.000031,12.728856,0.466761,0.914762,
5.800659,1.927934,0.009307,0.000032,12.761684,0.466745,0.914824,
5.804497,1.927979,0.009298,0.000032,12.792825,0.466546,0.914971,
5.804689,1.940517,0.009307,0.000032,12.791520,0.466388,0.914910,
5.806246,1.940284,0.009298,0.000032,12.822165,0.466303,0.913312,
5.806324,1.953005,0.009291,0.000032,12.823617,0.465948,0.913453,
5.809680,1.952878,0.009291,0.000032,12.852549,0.465492,0.913975,
5.810122,1.964166,0.009295,0.000032,12.853108,0.464995,0.914012,
5.815534,1.960923,0.009270,0.000032,12.888103,0.464662,0.914084,
5.814659,1.973165,0.009266,0.000032,12.890506,0.464163,0.914165,
5.815019,1.973084,0.009264,0.000032,12.922688,0.464478,0.914342,
5.814485,1.982125,0.009272,0.000032,12.929304,0.463912,0.914348,
5.817024,1.970484,0.009255,0.000032,12.951313,0.463179,0.914135,
5.814524,1.982145,0.009272,0.000032,12.959075,0.462597,0.913271,
5.820808,1.982170,0.009271,0.000032,12.963862,0.461779,0.913277,
5.817596,1.982000,0.009269,0.000032,12.985462,0.460998,0.913357,
5.820484,1.986337,0.009270,0.000032,13.009186,0.462959,0.913931,
5.819964,1.983351,0.009258,0.000032,13.024656,0.462241,0.914042,
5.828989,1.983461,0.009256,0.000032,13.014196,0.463700,0.914076,
5.825058,1.981585,0.009237,0.000032,13.012654,0.461904,0.914225,
5.833336,1.981730,0.009224,0.000032,12.988983,0.461492,0.916137,
5.832402,1.981611,0.006172,0.000032,13.015748,0.461202,0.915716,
5.833323,1.979330,0.006174,0.000032,12.994163,0.460840,0.915761,
5.832944,1.979163,0.006168,0.000032,13.007734,0.460576,0.916125,
5.827972,1.982253,0.006175,0.000032,12.995752,0.460431,0.915711,
5.827841,1.980992,0.006163,0.000033,13.010342,0.460399,0.915254,
5.822156,1.984097,0.006182,0.000033,13.007641,0.460411,0.914860,
5.822172,1.976765,0.006183,0.000033,13.013193,0.460418,0.914968,
5.820503,1.977262,0.006183,0.000033,13.015207,0.460349,0.915039,
5.820845,1.964894,0.006183,0.000033,13.016864,0.460617,0.915271,
5.816040,1.965496,0.006183,0.000033,13.017706,0.460731,0.915296,
5.816407,1.952571,0.006186,0.000033,13.024845,0.460766,0.915314,
5.812398,1.952614,0.006192,0.000033,13.030009,0.461056,0.914884,
5.816644,1.940088,0.006187,0.000033,13.058733,0.461395,0.916023,
5.812877,1.944301,0.006207,0.000033,13.024961,0.461682,0.915584,
5.817031,1.931529,0.006206,0.000033,13.026762,0.462262,0.915606,
5.821138,1.931562,0.006212,0.000033,13.009538,0.462751,0.915727,
5.824338,1.925012,0.006207,0.000033,12.990640,0.463141,0.915758,
5.819150,1.937510,0.006212,0.000033,12.951376,0.463480,0.915786,
5.820564,1.925135,0.006216,0.000033,12.945849,0.463850,0.915807,
5.817433,1.925617,0.006239,0.000033,12.940821,0.463473,0.915765,
5.818396,1.914207,0.006227,0.000033,12.936151,0.466474,0.915824,
5.814705,1.914237,0.006230,0.000033,12.928558,0.466995,0.916151,
5.818420,1.902710,0.006219,0.000033,12.927530,0.467435,0.916156,
5.813015,1.902762,0.006220,0.000033,12.935648,0.467734,0.916118,
5.815409,1.906028,0.006220,0.000033,12.924600,0.468103,0.916139,
5.812047,1.901666,0.006219,0.000033,12.914081,0.465745,0.916101,
5.813041,1.904966,0.006238,0.000033,12.901416,0.466032,0.915611,
5.803177,1.904827,0.006239,0.000033,12.918215,0.464040,0.915197,
5.803777,1.906022,0.006258,0.000033,12.890574,0.464311,0.915073,
5.795629,1.906263,0.006260,0.000032,12.914866,0.464274,0.913122,
5.796455,1.906220,0.006255,0.000033,12.895736,0.464394,0.912743,
5.796686,1.906262,0.006267,0.000033,12.904380,0.464481,0.912780,
5.797140,1.919436,0.006268,0.000033,12.877791,0.464556,0.912792,
5.799791,1.916224,0.006260,0.000032,12.875879,0.464539,0.913365,
5.799404,1.928060,0.006277,0.000033,12.851335,0.464307,0.913347,
5.802908,1.924810,0.006257,0.000033,12.854634,0.464052,0.914594,
5.804041,1.925213,0.006265,0.000033,12.849351,0.464118,0.914502,
5.805957,1.924718,0.006259,0.000033,12.836501,0.466702,0.916251,
5.805471,1.924723,0.006257,0.000033,12.831722,0.466749,0.915702,
5.808936,1.924177,0.006259,0.000033,12.812014,0.466720,0.919255,
5.808588,1.924189,0.006259,0.000033,12.803241,0.466876,0.919215,
5.810412,1.924148,0.006253,0.000033,12.781575,0.466874,0.919784,
5.807105,1.924389,0.006254,0.000033,12.760659,0.466644,0.918643,
5.807125,1.923305,0.006234,0.000033,12.778306,0.466397,0.918613,
5.805038,1.923387,0.006242,0.000033,12.800323,0.466314,0.918559,
5.797057,1.926652,0.006253,0.000033,12.805858,0.466124,0.918385,
5.795775,1.921996,0.006255,0.000033,12.794806,0.466029,0.917977,
5.796552,1.912786,0.006274,0.000033,12.782259,0.465620,0.918048,
5.797058,1.912903,0.006273,0.000033,12.781026,0.465404,0.917984,
5.796545,1.924013,0.006255,0.000033,12.787549,0.466100,0.918018,
5.796305,1.924033,0.006260,0.000033,12.794600,0.463426,0.917922,
5.796733,1.937239,0.006270,0.000033,12.794841,0.463171,0.917868,
5.797087,1.937231,0.006266,0.000033,12.806504,0.462646,0.917410,
5.795917,1.949850,0.006265,0.000033,12.797054,0.462571,0.917372,
5.796679,1.946594,0.006262,0.000033,12.815619,0.462268,0.917286,
5.796178,1.958472,0.006279,0.000032,12.813218,0.461890,0.916816,
5.799955,1.955196,0.006259,0.000032,12.827260,0.461477,0.917224,
5.800257,1.966899,0.006279,0.000032,12.813102,0.461161,0.917086,
5.802746,1.965445,0.006261,0.000032,12.812811,0.463304,0.917036,
5.803418,1.963957,0.006258,0.000033,12.802690,0.462996,0.921685,
5.807405,1.965413,0.006264,0.000033,12.804869,0.464961,0.921557,
5.804662,1.965388,0.006250,0.000033,12.803878,0.464486,0.921420,
5.805286,1.955098,0.006251,0.000033,12.796057,0.463880,0.921351,
5.802812,1.955253,0.006261,0.000033,12.792342,0.463747,0.921116,
5.802502,1.947539,0.006267,0.000033,12.802016,0.463632,0.921481,
5.800055,1.947600,0.006267,0.000033,12.805652,0.463317,0.920224,
5.799586,1.950304,0.006278,0.000033,12.802592,0.462811,0.919703,
5.800676,1.950218,0.006279,0.000033,12.806657,0.459815,0.917437,
5.802587,1.950270,0.006279,0.000033,12.799111,0.459041,0.917307,
5.801948,1.950264,0.006276,0.000033,12.823088,0.458638,0.913609,
5.803458,1.951538,0.006274,0.000034,12.816465,0.458167,0.913116,
5.803096,1.951600,0.006283,0.000034,12.837162,0.457604,0.912920,
5.803363,1.964112,0.006280,0.000033,12.840488,0.456938,0.912515,
5.806267,1.961128,0.006284,0.000034,12.858382,0.456460,0.912824,
5.805129,1.970711,0.006279,0.000034,12.835270,0.455928,0.914875,
5.806789,1.967549,0.006268,0.000034,12.853085,0.455189,0.914457,
5.806389,1.978868,0.006266,0.000034,12.868870,0.454593,0.914684,
5.809764,1.975669,0.006243,0.000034,12.905318,0.454256,0.914486,
5.807276,1.988011,0.006245,0.000034,12.909573,0.453767,0.914051,
5.810468,1.976449,0.006239,0.000034,12.906177,0.452246,0.913925,
5.810206,1.988416,0.006256,0.000034,12.903481,0.451777,0.913820,
5.812264,1.975266,0.006243,0.000034,12.908115,0.451107,0.913729,
5.808262,1.985650,0.006262,0.000034,12.887146,0.450686,0.913835,
5.811407,1.973090,0.006265,0.000034,12.874864,0.450137,0.916026,
5.809247,1.973068,0.006265,0.000035,12.841337,0.449947,0.915865,
5.810380,1.968645,0.006249,0.000035,12.785439,0.449757,0.916258,
5.807380,1.968649,0.006251,0.000035,12.748433,0.449750,0.916106,
5.818452,1.956994,0.006232,0.000035,12.723012,0.449729,0.916081,
5.819262,1.955274,0.006228,0.000035,12.715206,0.447178,0.916196,
5.818571,1.968017,0.006263,0.000035,12.695907,0.447244,0.911065,
5.817548,1.974507,0.006272,0.000034,12.701274,0.447874,0.911992,
5.817959,1.974440,0.006273,0.000034,12.702445,0.448112,0.911583,
5.821152,1.971699,0.006275,0.000033,12.695459,0.448358,0.911231,
5.832075,1.971871,0.006265,0.000033,12.690177,0.448234,0.910855,
5.832792,1.975892,0.006259,0.000033,12.681687,0.448280,0.910822,
5.833209,1.975978,0.006268,0.000033,12.671622,0.448642,0.911222,
5.833939,1.976005,0.006278,0.000033,12.654057,0.448913,0.911703,
5.833082,1.976023,0.006277,0.000033,12.652502,0.449123,0.912064,
5.833693,1.976031,0.006278,0.000033,12.641813,0.449692,0.912524,
5.834388,1.976030,0.006279,0.000033,12.637482,0.450043,0.912586,
5.835572,1.987272,0.006279,0.000033,12.636532,0.450279,0.913026,
5.838132,1.987260,0.006272,0.000032,12.622746,0.450860,0.912959,
5.838499,1.989439,0.006283,0.000032,12.611849,0.451452,0.912903,
5.839115,1.989437,0.006292,0.000032,12.608693,0.452129,0.912934,
5.839808,1.992172,0.006291,0.000032,12.614667,0.452439,0.910800,
5.841584,1.992158,0.006287,0.000032,12.600735,0.452972,0.912308,
5.842994,1.993643,0.006284,0.000032,12.613462,0.453532,0.912400,
5.843546,1.993609,0.006286,0.000033,12.614319,0.453863,0.912548,
5.842771,1.992628,0.006287,0.000032,12.616207,0.454173,0.912941,
5.845346,1.992648,0.006289,0.000032,12.611208,0.454396,0.913012,
5.844056,1.992719,0.006285,0.000032,12.606765,0.454550,0.912688,
5.845407,1.992672,0.006287,0.000032,12.605139,0.454992,0.912772,
5.846762,1.982174,0.006266,0.000032,12.628508,0.455649,0.912667,
5.849263,1.983569,0.006277,0.000032,12.654821,0.455847,0.910484,
5.849952,1.983597,0.006280,0.000031,12.660864,0.455798,0.910737,
5.853761,1.977219,0.006282,0.000031,12.707764,0.455764,0.912542,
5.853581,1.977372,0.006283,0.000031,12.738285,0.455635,0.912584,
5.846844,1.977402,0.006286,0.000032,12.766227,0.455297,0.913103,
5.844967,1.977522,0.006288,0.000032,12.781850,0.455248,0.912945,
5.846048,1.967748,0.006257,0.000032,12.785944,0.454911,0.913355,
5.845685,1.963401,0.006262,0.000032,12.790897,0.452000,0.912815,
5.847345,1.963539,0.006266,0.000032,12.770351,0.451600,0.913347,
5.847306,1.963449,0.006266,0.000032,12.785968,0.451455,0.913725,
5.838176,1.976086,0.006267,0.000032,12.768451,0.451090,0.914157,
5.841341,1.967986,0.006248,0.000032,12.746505,0.450988,0.914170,
5.842888,1.967890,0.006238,0.000032,12.717281,0.450642,0.914139,
5.847114,1.964961,0.006213,0.000032,12.691449,0.450358,0.914157,
5.845992,1.964944,0.006217,0.000031,12.670485,0.449945,0.914290,
5.845658,1.965081,0.006220,0.000031,12.641054,0.449565,0.916535,
5.846139,1.965052,0.006227,0.000031,12.615572,0.449051,0.916311,
5.844759,1.965897,0.006229,0.000031,12.573379,0.448876,0.916379,
5.843284,1.972787,0.006239,0.000032,12.545114,0.451081,0.916499,
5.843483,1.957816,0.006231,0.000032,12.505940,0.450715,0.916495,
5.841438,1.960523,0.006219,0.000031,12.441868,0.450199,0.916101,
5.843549,1.948906,0.006230,0.000032,12.392928,0.449814,0.916121,
5.839225,1.960208,0.006228,0.000032,12.349742,0.450547,0.915035,
5.841305,1.947313,0.006227,0.000032,12.311271,0.450162,0.915032,
5.838341,1.947321,0.006228,0.000032,12.277283,0.449853,0.914494,
5.841482,1.935898,0.006226,0.000032,12.223993,0.449966,0.914496,
5.837365,1.935912,0.006228,0.000032,12.195231,0.449885,0.914762,
5.838196,1.923801,0.006210,0.000032,12.154444,0.449652,0.915161,
5.838103,1.923824,0.006211,0.000032,12.107006,0.449685,0.915129,
5.837588,1.923843,0.006212,0.000032,12.072775,0.449425,0.915540,
5.834068,1.925313,0.006198,0.000033,12.013580,0.449418,0.915538,
5.834424,1.925306,0.006195,0.000033,11.991791,0.449272,0.915344,
5.834649,1.924196,0.006193,0.000033,11.961232,0.449125,0.913507,
5.837862,1.924067,0.006190,0.000033,11.923307,0.449014,0.913533,
5.835027,1.924044,0.006188,0.000033,11.902094,0.448989,0.913062,
5.837939,1.924082,0.006198,0.000033,11.866949,0.448918,0.913061,
5.837529,1.921234,0.006201,0.000033,11.856157,0.449025,0.912728,
5.836722,1.917759,0.006189,0.000033,11.821339,0.449791,0.912859,
5.840254,1.917783,0.006188,0.000033,11.821959,0.449745,0.912917,
5.837643,1.929121,0.006189,0.000033,11.800684,0.449646,0.912479,
5.842174,1.916620,0.006189,0.000033,11.802684,0.452356,0.912076,
5.840394,1.916648,0.006190,0.000033,11.814206,0.452279,0.912120,
5.842962,1.916682,0.006193,0.000033,11.834972,0.452373,0.912208,
5.839698,1.916618,0.006188,0.000034,11.871175,0.452426,0.912178,
5.839022,1.920080,0.006203,0.000034,11.868891,0.452656,0.912152,
5.838533,1.919916,0.006201,0.000034,11.911492,0.452722,0.909957,
5.836249,1.919958,0.006193,0.000034,11.909598,0.452755,0.910266,
5.840147,1.908579,0.006201,0.000034,11.945049,0.452625,0.910254,
5.837700,1.912804,0.006191,0.000034,11.962392,0.449925,0.910177,
5.841300,1.912782,0.006190,0.000035,11.979807,0.449896,0.910694,
5.841269,1.922010,0.006213,0.000035,12.005917,0.449667,0.911115,
5.843978,1.921234,0.006201,0.000035,12.045834,0.449325,0.911172,
5.845332,1.909832,0.006198,0.000035,12.077860,0.448045,0.911214,
5.845265,1.910004,0.006201,0.000035,12.099629,0.447674,0.913231,
5.845747,1.910078,0.006201,0.000035,12.136441,0.447514,0.913250,
5.847009,1.910103,0.006202,0.000035,12.183631,0.446968,0.913365,
5.847199,1.910199,0.006213,0.000035,12.238855,0.446708,0.913016,
5.846758,1.912978,0.006212,0.000035,12.294012,0.446791,0.912702,
5.851357,1.913116,0.006228,0.000035,12.366499,0.446585,0.912735,
5.855772,1.913189,0.006225,0.000035,12.399485,0.446438,0.919263,
5.856471,1.910358,0.006228,0.000035,12.471720,0.446067,0.919317,
5.860260,1.910405,0.006227,0.000034,12.495778,0.446079,0.921495,
5.857808,1.910519,0.006227,0.000034,12.553373,0.446027,0.921540,
5.856555,1.913339,0.006243,0.000034,12.595426,0.445985,0.921285,
5.858344,1.913438,0.006248,0.000034,12.648620,0.445875,0.921330,
5.858952,1.914944,0.006251,0.000034,12.688013,0.445533,0.923205,
5.859742,1.914885,0.006248,0.000034,12.733874,0.445281,0.923574,
5.863191,1.914738,0.006240,0.000035,12.762253,0.444016,0.923521,
5.858436,1.914710,0.006254,0.000035,12.802328,0.443796,0.923425,
5.858793,1.906138,0.006248,0.000035,12.846998,0.443562,0.923950,
5.854293,1.905827,0.006259,0.000035,12.892286,0.440719,0.924358,
5.854523,1.908602,0.006273,0.000035,12.928707,0.440179,0.926055,
5.850929,1.909702,0.006276,0.000035,12.969477,0.439797,0.926824,
5.854058,1.909768,0.006282,0.000035,12.996943,0.441500,0.926850,
5.855429,1.906402,0.006263,0.000035,13.053704,0.441206,0.926876,
5.859771,1.906665,0.006269,0.000035,13.052792,0.442826,0.926791,
5.860189,1.906507,0.006266,0.000035,13.113102,0.442617,0.927028,
5.860606,1.904746,0.006259,0.000035,13.164486,0.442200,0.927089,
5.861094,1.904858,0.006277,0.000035,13.204486,0.442002,0.926743,
5.861014,1.904849,0.006276,0.000035,13.247030,0.441903,0.926703,
5.862649,1.905198,0.006255,0.000035,13.286976,0.441640,0.926304,
5.861602,1.905198,0.006269,0.000035,13.311090,0.441817,0.926344,
5.861853,1.916784,0.006274,0.000035,13.356289,0.441737,0.926392,
5.862360,1.916678,0.006273,0.000035,13.401416,0.441731,0.924396,
5.863039,1.916713,0.006283,0.000035,13.420975,0.441481,0.924866,
5.862345,1.916633,0.006284,0.000035,13.451231,0.441483,0.924853,
5.862954,1.916677,0.006271,0.000035,13.451162,0.441450,0.924889,
5.864708,1.913853,0.006275,0.000035,13.471889,0.441043,0.924838,
5.858543,1.916743,0.006279,0.000035,13.466524,0.440604,0.924504,
5.855260,1.916800,0.006301,0.000035,13.491993,0.440312,0.917991,
5.858216,1.916736,0.006298,0.000035,13.492488,0.440398,0.919946,
5.854862,1.916771,0.006307,0.000035,13.537948,0.440065,0.917823,
5.858637,1.916813,0.006310,0.000035,13.541337,0.439909,0.919835,
5.857328,1.913985,0.006297,0.000035,13.562311,0.439591,0.920195,
5.858676,1.914059,0.006296,0.000035,13.550201,0.441435,0.927425,
5.855857,1.923680,0.006300,0.000035,13.576870,0.442130,0.925710,
5.858667,1.923702,0.006301,0.000035,13.581511,0.442037,0.925783,
5.855338,1.935320,0.006325,0.000034,13.616282,0.441747,0.925797,
5.859046,1.936367,0.006328,0.000034,13.635360,0.441909,0.925843,
5.859571,1.946521,0.006331,0.000034,13.655318,0.441875,0.925467,
5.863012,1.946524,0.006321,0.000034,13.669584,0.441524,0.925472,
5.863181,1.943887,0.006317,0.000034,13.668967,0.441479,0.923353,
5.865054,1.942770,0.006313,0.000034,13.649735,0.441508,0.922123,
5.861968,1.942827,0.006315,0.000034,13.655568,0.439256,0.922131,
5.861636,1.942745,0.006317,0.000034,13.645144,0.439233,0.922167,
5.858903,1.945585,0.006330,0.000034,13.662909,0.437393,0.921749,
5.860543,1.945635,0.006331,0.000034,13.658754,0.437349,0.921477,
5.857492,1.949322,0.006350,0.000034,13.636403,0.437547,0.921418,
5.857657,1.938112,0.006332,0.000034,13.636062,0.437312,0.921799,
5.855619,1.940945,0.006334,0.000034,13.629222,0.437023,0.923923,
5.856703,1.928681,0.006337,0.000034,13.650371,0.436991,0.923957,
5.857581,1.928656,0.006327,0.000033,13.655044,0.439143,0.923525,
5.856334,1.917145,0.006327,0.000033,13.647617,0.439172,0.923639,
5.856013,1.917268,0.006329,0.000033,13.649943,0.439100,0.923265,
5.857316,1.917447,0.006318,0.000033,13.671189,0.439377,0.922871,
5.857512,1.917475,0.006315,0.000033,13.667218,0.439402,0.922949,
5.857219,1.928685,0.006333,0.000032,13.662362,0.439758,0.922512,
5.905129,1.928863,0.006333,0.000032,13.676935,0.440179,0.923720,
5.905089,1.925972,0.006325,0.000032,13.690719,0.440423,0.924146,
5.905526,1.925850,0.006307,0.000032,13.688285,0.440455,0.923750,
5.902674,1.929039,0.006325,0.000032,13.692945,0.440584,0.921809,
5.908973,1.929053,0.006327,0.000032,13.711004,0.440696,0.921843,
5.909148,1.928913,0.006321,0.000032,13.705304,0.440955,0.922146,
5.909589,1.928978,0.006320,0.000032,13.706410,0.440987,0.921929,
5.910784,1.928974,0.006318,0.000032,13.715524,0.439332,0.915094,
5.910950,1.917691,0.006300,0.000033,13.721563,0.438703,0.914635,
5.911166,1.917704,0.006306,0.000033,13.743137,0.438712,0.914688,
5.911769,1.917944,0.006304,0.000033,13.741060,0.438808,0.914251,
5.911875,1.917859,0.006302,0.000033,13.721228,0.438425,0.914349,
5.912430,1.917837,0.006305,0.000033,13.694016,0.438065,0.914263,
5.912312,1.917728,0.006302,0.000033,13.678591,0.438156,0.914329,
5.912252,1.930153,0.006296,0.000033,13.659336,0.438075,0.914773,
5.913602,1.930171,0.006296,0.000033,13.670618,0.437770,0.915172,
5.913875,1.942374,0.006290,0.000033,13.661955,0.437721,0.915273,
5.918277,1.942476,0.006293,0.000033,13.670410,0.437440,0.915192,
5.919202,1.939402,0.006278,0.000033,13.673995,0.436998,0.915211,
5.919794,1.939464,0.006279,0.000033,13.677952,0.436742,0.915384,
5.920232,1.935597,0.006260,0.000033,13.699162,0.436411,0.914995,
5.920530,1.935489,0.006258,0.000033,13.709279,0.436267,0.914619,
5.920532,1.935891,0.006282,0.000033,13.733113,0.436114,0.914541,
5.918634,1.935852,0.006276,0.000033,13.750133,0.436017,0.915059,
5.918685,1.935959,0.006282,0.000033,13.776265,0.433429,0.915041,
5.919350,1.946647,0.006300,0.000033,13.802647,0.433400,0.914879,
5.927804,1.946576,0.006300,0.000033,13.823163,0.433256,0.915315,
5.926348,1.946332,0.006305,0.000033,13.800578,0.433173,0.915675,
5.926270,1.947540,0.006307,0.000033,13.823863,0.432724,0.915640,
5.926963,1.939132,0.006320,0.000033,13.843486,0.432310,0.916100,
5.877605,1.939069,0.006321,0.000033,13.847311,0.431808,0.915325,
5.882178,1.938939,0.006309,0.000034,13.854277,0.431530,0.917280,
5.883696,1.938914,0.006312,0.000034,13.876512,0.431455,0.917680,
5.886075,1.935740,0.006296,0.000034,13.899979,0.431107,0.917261,
5.879821,1.948019,0.006289,0.000034,13.894525,0.431006,0.916882,
5.878546,1.948132,0.006293,0.000034,13.917191,0.430403,0.914584,
5.879359,1.948156,0.006298,0.000034,13.939343,0.430330,0.914400,
5.877019,1.947990,0.006295,0.000034,13.967740,0.429785,0.914409,
5.877227,1.950766,0.006296,0.000034,13.967448,0.429551,0.916731,
5.874743,1.950749,0.006293,0.000034,13.966600,0.429474,0.916636,
5.878289,1.939053,0.006281,0.000034,13.961289,0.432785,0.916665,
5.875540,1.937990,0.006264,0.000035,13.999242,0.433059,0.916545,
5.878912,1.925100,0.006259,0.000035,14.055724,0.433125,0.916999,
5.876144,1.937999,0.006264,0.000035,14.077250,0.433256,0.917127,
5.878949,1.925493,0.006261,0.000034,14.124412,0.433408,0.917227,
5.877271,1.925606,0.006265,0.000034,14.139084,0.433585,0.917262,
5.877021,1.913225,0.006264,0.000034,14.179381,0.433783,0.917220,
5.872769,1.915870,0.006265,0.000034,14.179775,0.433722,0.916876,
5.871633,1.915965,0.006264,0.000034,14.219953,0.434032,0.917394,
5.874126,1.915987,0.006268,0.000034,14.234691,0.434151,0.917310,
5.875809,1.929908,0.006283,0.000034,15.359324,0.438499,0.961757,
5.918109,1.930169,0.006293,0.000034,15.386764,0.438653,0.963632,
5.972358,1.927269,0.006273,0.000034,15.425596,0.440220,0.961676,
5.972490,1.929607,0.006276,0.000034,15.427933,0.440340,0.961631,
5.969544,1.930666,0.006269,0.000034,15.430365,0.440454,0.963276,
5.970026,1.923138,0.006253,0.000034,15.400728,0.440507,0.963367,
5.966143,1.923123,0.006252,0.000033,15.390323,0.440702,0.968285,
5.970281,1.923266,0.006256,0.000033,15.422843,0.440701,0.968382,
5.968841,1.922051,0.006253,0.000033,15.434143,0.441015,0.967936,
5.973207,1.919123,0.006222,0.000033,15.430368,0.440918,0.967527,
5.974474,1.930654,0.006222,0.000033,15.416942,0.441011,0.967234,
5.975180,1.931898,0.006240,0.000033,15.433672,0.440955,0.965311,
5.974193,1.932047,0.006239,0.000033,15.442431,0.440781,0.964999,
5.972029,1.934106,0.006243,0.000032,15.444325,0.440756,0.965404,
5.977524,1.921897,0.006251,0.000032,15.433923,0.440781,0.965344,
5.978175,1.921759,0.006249,0.000032,15.435925,0.441090,0.965376,
5.980913,1.921772,0.006248,0.000032,15.452346,0.442409,0.965747,
5.980215,1.934855,0.006251,0.000032,15.466193,0.442638,0.973706,
5.980974,1.941245,0.006268,0.000032,15.493864,0.443982,0.971939,
5.984370,1.949521,0.006276,0.000032,15.508497,0.446231,0.974997,
5.981659,1.950094,0.006269,0.000032,15.542377,0.443105,0.974982,
5.985425,1.950127,0.006272,0.000032,15.529566,0.442806,0.975136,
5.981972,1.962225,0.006277,0.000032,15.511869,0.445839,0.984616,
5.985265,1.949631,0.006277,0.000032,15.545527,0.446312,0.984541,
5.982751,1.953328,0.006282,0.000032,15.525284,0.446298,0.984447,
5.982492,1.953285,0.006282,0.000032,15.527864,0.446353,0.984415,
5.986472,1.953316,0.006283,0.000032,15.503006,0.446574,0.986166,
5.987028,1.950618,0.006278,0.000032,15.511744,0.447038,0.986198,
5.991640,1.950654,0.006278,0.000033,15.476582,0.446999,0.986122,
5.987586,1.950541,0.006273,0.000033,15.470887,0.446972,0.986095,
5.989663,1.936540,0.006263,0.000033,14.368358,0.442566,0.942110,
5.948318,1.943173,0.006250,0.000033,14.340362,0.442620,0.944104,
5.893886,1.942952,0.006242,0.000033,14.306173,0.441221,0.944140,
5.895320,1.940622,0.006247,0.000033,14.278012,0.441107,0.943689,
5.896851,1.941125,0.006261,0.000034,14.259533,0.441403,0.942562,
5.898756,1.941456,0.006284,0.000034,14.259037,0.441468,0.942730,
5.893135,1.942605,0.006292,0.000034,14.267442,0.442003,0.938648,
5.899656,1.951607,0.007077,0.000034,14.257887,0.441893,0.941041,
5.905040,1.967579,0.007102,0.000034,14.241481,0.441793,0.941709,
5.907951,1.969444,0.007104,0.000033,14.254351,0.442323,0.942993,
5.911290,1.961487,0.007811,0.000034,14.245364,0.442518,0.943984,
5.911371,1.961168,0.007808,0.000034,14.220575,0.442504,0.945270,
5.919028,1.970464,0.007820,0.000034,14.174152,0.442574,0.948219,
5.923322,1.969348,0.007821,0.000034,14.154919,0.442801,0.948318,
5.925228,1.970220,0.007820,0.000034,14.143671,0.442769,0.949408,
5.926582,1.982899,0.007847,0.000034,14.136998,0.442809,1.212626,
5.927763,2.000664,0.007855,0.000034,14.130284,0.442889,1.214916,
5.935735,1.988327,0.007851,0.000034,14.087811,0.442958,1.206681,
5.936952,1.979325,0.007839,0.000034,14.044495,0.441813,1.206517,
5.933613,1.972347,0.007857,0.000034,14.017843,0.439720,1.203529,
5.933790,1.974834,0.007872,0.000034,13.988244,0.439660,1.203977,
5.930817,1.974792,0.007877,0.000034,13.990796,0.439798,1.203445,
5.931589,1.965619,0.007879,0.000034,13.959980,0.437113,1.195857,
5.931453,1.965826,0.007880,0.000034,13.911702,0.436458,1.195376,
5.936349,1.962076,0.007877,0.000034,13.894811,0.437762,1.197479,
5.937432,1.964170,0.007883,0.000034,13.887222,0.438074,1.197640,
5.938848,1.964917,0.007891,0.000034,13.879683,0.440655,1.196532,
5.941945,1.964899,0.007888,0.000033,13.864097,0.440704,1.196934,
5.941629,1.964838,0.007888,0.000034,13.862720,0.440778,1.196985,
5.943701,1.977728,0.007909,0.000034,13.832255,0.441262,1.197573,
5.944785,1.978587,0.007913,0.000034,13.798986,0.441510,1.197533,
5.949358,1.984047,0.007929,0.000033,13.783252,0.441588,1.194835,
5.953814,1.984048,0.007933,0.000033,13.756854,0.441544,1.194745,
5.953717,1.983958,0.007922,0.000033,13.747945,0.441777,1.194758,
5.955968,1.982308,0.007909,0.000033,13.740841,0.441812,1.194734,
5.955851,1.978898,0.007884,0.000033,13.717820,0.441900,1.194471,
5.956412,1.979026,0.007890,0.000032,13.699891,0.442531,1.193709,
5.948401,1.969957,0.007097,0.000032,13.660094,0.442668,1.191244,
5.943227,1.954049,0.007080,0.000032,13.639466,0.442944,1.191030,
5.935991,1.955574,0.007102,0.000032,13.593004,0.442547,1.190201,
5.932157,1.951886,0.006391,0.000032,13.582414,0.442373,1.189598,
5.928695,1.954263,0.006391,0.000032,13.549031,0.442625,1.188235,
5.921577,1.944874,0.006377,0.000032,13.559966,0.442758,1.185762,
5.918910,1.947041,0.006390,0.000032,13.533985,0.442886,1.185644,
5.913322,1.946069,0.006385,0.000032,13.537807,0.442972,1.184977,
5.909769,1.936532,0.006377,0.000032,13.522727,0.443063,0.921754,
5.906141,1.918822,0.006372,0.000032,13.487493,0.441782,0.919474,
5.898562,1.921059,0.006393,0.000032,13.479809,0.441817,0.919839,
5.897490,1.921030,0.006396,0.000032,13.494173,0.441972,0.919853,
5.901314,1.919697,0.006371,0.000032,13.465489,0.442074,0.919877,
5.901262,1.916626,0.006358,0.000032,13.460835,0.442261,0.921092,
5.904725,1.916658,0.006353,0.000032,13.418177,0.442515,0.921134,
5.905133,1.913723,0.006350,0.000032,13.423104,0.442324,0.919195,
5.902772,1.916139,0.006348,0.000032,13.409634,0.442620,0.919251,
5.903427,1.916234,0.006351,0.000032,13.421014,0.441423,0.918345,
5.905951,1.914151,0.006341,0.000032,13.401929,0.441103,0.920209,
5.901990,1.913463,0.006332,0.000032,13.415823,0.438196,0.919658,
5.902755,1.913642,0.006340,0.000032,13.421572,0.437603,0.919618,
5.899659,1.913566,0.006339,0.000032,13.439404,0.437229,0.919611,
5.901352,1.900702,0.006319,0.000032,13.453318,0.436568,0.919105,
5.897202,1.912668,0.006313,0.000032,13.451193,0.436512,0.919135,
5.895632,1.900471,0.006307,0.000032,13.462581,0.436480,0.918400,
5.896690,1.900414,0.006310,0.000033,13.458775,0.436337,0.918033,
5.899005,1.900530,0.006312,0.000033,13.471272,0.436126,0.918041,
5.896402,1.900539,0.006311,0.000033,13.473317,0.436033,0.918019,
5.895672,1.900412,0.006302,0.000033,13.523701,0.435949,0.917647,
5.895330,1.902173,0.006297,0.000033,13.519559,0.434847,0.917658,
5.893800,1.902181,0.006309,0.000033,13.556477,0.434771,0.917657,
5.896483,1.902238,0.006305,0.000033,13.568970,0.434471,0.917578,
5.897637,1.898922,0.006282,0.000033,13.622859,0.434382,0.917120,
5.900426,1.899026,0.006285,0.000033,13.669438,0.434307,0.917123,
5.899869,1.908225,0.006273,0.000033,13.719968,0.434174,0.916748,
5.902568,1.908336,0.006278,0.000033,13.757121,0.434115,0.916669,
5.901950,1.905310,0.006258,0.000033,13.794931,0.433688,0.916251,
5.901554,1.907017,0.006255,0.000033,13.830049,0.433558,0.916257,
5.904643,1.904261,0.006241,0.000034,13.860023,0.433250,0.916237,
5.905166,1.904549,0.006237,0.000033,13.885540,0.432916,0.916231,
5.915383,1.901775,0.006216,0.000034,13.934941,0.432515,0.915752,
5.923869,1.901938,0.006208,0.000034,13.944929,0.432313,0.915332,
5.920594,1.902099,0.006204,0.000034,14.021430,0.432026,0.915222,
5.920701,1.904884,0.006199,0.000034,14.059952,0.431824,0.915638,
5.917729,1.905148,0.006197,0.000034,14.134790,0.431468,0.916022,
5.920289,1.905286,0.006195,0.000034,14.185855,0.431380,0.916063,
5.920321,1.909064,0.006200,0.000034,14.226742,0.431152,0.916364,
5.919914,1.909210,0.006195,0.000034,14.271644,0.431152,0.915200,
5.916948,1.912223,0.006200,0.000034,14.316822,0.431176,0.915270,
5.917036,1.912403,0.006204,0.000034,14.340644,0.431109,0.915218,
5.916591,1.912473,0.006197,0.000034,14.366464,0.431187,0.915261,
5.916286,1.924707,0.006213,0.000034,14.362864,0.431392,0.915317,
5.915917,1.924985,0.006215,0.000034,14.398139,0.431646,0.915309,
5.916695,1.912462,0.006220,0.000034,14.419910,0.431519,0.914862,
5.913228,1.912487,0.006211,0.000034,14.445545,0.431247,0.914815,
5.912363,1.912727,0.006207,0.000034,14.495363,0.431254,0.915192,
5.910721,1.913013,0.006208,0.000034,14.532920,0.431238,0.915656,
5.919870,1.920069,0.006224,0.000033,14.573678,0.431202,0.915656,
5.919831,1.920371,0.006244,0.000034,14.590521,0.431261,0.916012,
5.919101,1.917534,0.006245,0.000034,14.637029,0.431196,0.917034,
5.922544,1.917760,0.006238,0.000033,14.662087,0.430918,0.917127,
5.919793,1.930089,0.006255,0.000034,14.684572,0.430790,0.917211,
5.921872,1.930311,0.006260,0.000034,14.713986,0.430790,0.917327,
5.919308,1.933567,0.006278,0.000034,14.721386,0.430887,0.919246,
5.919027,1.921342,0.006277,0.000034,14.738923,0.430825,0.919724,
5.919075,1.921495,0.006278,0.000034,14.737524,0.430578,0.919726,
5.918424,1.932528,0.006293,0.000034,14.744381,0.430669,0.920207,
5.921099,1.931088,0.006296,0.000034,14.750734,0.430706,0.920240,
5.918213,1.933920,0.006323,0.000034,14.758545,0.430916,0.919901,
5.917856,1.933786,0.006326,0.000034,14.782578,0.431116,0.920000,
5.910749,1.933973,0.006339,0.000034,14.768533,0.431278,0.920407,
5.903115,1.946485,0.006361,0.000034,14.785971,0.431198,0.920400,
5.905900,1.946582,0.006365,0.000034,14.770144,0.430810,0.920026,
5.906020,1.943993,0.006381,0.000034,14.765225,0.430826,0.918360,
5.905276,1.943897,0.006380,0.000034,14.758477,0.430782,0.918330,
5.905202,1.943929,0.006377,0.000034,14.720737,0.430607,0.920015,
5.905031,1.937535,0.006367,0.000034,14.713236,0.430609,0.920130,
5.902560,1.937578,0.006371,0.000034,14.703200,0.430368,0.927825,
5.902802,1.946244,0.006375,0.000034,14.703504,0.430262,0.925948,
5.905421,1.946240,0.006371,0.000034,14.703549,0.429985,0.925542,
5.903142,1.946304,0.006384,0.000034,14.718959,0.430153,0.925530,
5.903080,1.934371,0.006377,0.000034,14.738647,0.430124,0.925094,
5.903146,1.934446,0.006382,0.000034,14.716158,0.430149,0.924956,
5.902410,1.934339,0.006372,0.000034,14.721038,0.430343,0.925359,
5.918587,1.934363,0.006377,0.000034,14.698442,0.430538,0.925374,
5.915474,1.935278,0.006379,0.000034,14.681471,0.430910,0.925385,
5.913955,1.935058,0.006383,0.000034,14.672337,0.430998,0.924919,
5.904767,1.931114,0.006390,0.000034,14.653860,0.430739,0.927064,
5.905833,1.931084,0.006376,0.000034,14.621993,0.430580,0.927058,
5.909068,1.931178,0.006370,0.000034,14.588207,0.430407,0.925510,
5.907078,1.931030,0.006366,0.000034,14.560323,0.430391,0.925430,
5.912528,1.919233,0.006355,0.000034,14.553707,0.430601,0.925349,
5.913805,1.933168,0.006365,0.000034,14.518759,0.430529,0.925846,
5.918113,1.930716,0.006524,0.000034,14.518864,0.430444,0.924568,
5.925377,1.934571,0.006538,0.000034,14.504064,0.430737,0.926847,
