5.90272,0.912236,0.021027,3.4E-05,5.871592,0.526582,0.385075,3.34658
5.892027,0.912024,0.020966,3.4E-05,6.100585,0.526734,0.385493,3.342277
5.898512,0.917208,0.020978,3.4E-05,6.437077,0.528868,0.38513,3.335552
5.90834,0.918709,0.020941,3.4E-05,6.690543,0.530891,0.384566,3.324243
5.912094,0.924972,0.02088,3.4E-05,6.930182,0.532375,0.383626,3.309685
5.898589,0.931086,0.020838,3.4E-05,7.179744,0.532168,0.383239,3.307507
5.897722,0.936484,0.02135,3.4E-05,7.446687,0.533128,0.382796,3.297671
5.91185,0.938632,0.021332,3.4E-05,7.687407,0.535757,0.382356,3.287223
5.917779,0.946772,0.021291,3.4E-05,7.686388,0.539256,0.377068,3.282869
5.921059,0.948718,0.02125,3.4E-05,7.682121,0.542573,0.378958,3.276517
5.930696,0.950877,0.021213,3.4E-05,7.677733,0.547155,0.378968,3.26729
5.934885,0.955622,0.021247,3.4E-05,7.672798,0.54667,0.377985,3.261114
5.923467,0.957314,0.021223,3.4E-05,7.668228,0.5463,0.377147,3.249177
5.930253,0.959403,0.021182,3.4E-05,7.659186,0.548848,0.374802,3.242667
5.940757,0.963777,0.021143,3.4E-05,7.637063,0.551526,0.374203,3.254188
5.945184,0.961484,0.021142,3.4E-05,7.622703,0.554151,0.373542,3.259589
5.942246,0.965097,0.021105,3.4E-05,7.615612,0.559501,0.371063,3.26146
5.938652,0.964206,0.021066,3.4E-05,7.606304,0.562264,0.370346,3.270955
5.9263,0.961724,0.021211,3.4E-05,7.593094,0.567208,0.374013,3.275211
5.908918,0.963333,0.021173,3.4E-05,7.585111,0.575239,0.375365,3.276979
5.905004,0.964749,0.021131,3.4E-05,7.569387,0.576417,0.377333,3.282434
5.885325,0.961294,0.02109,3.3E-05,7.574363,0.582372,0.380393,3.28421
5.849906,0.957681,0.020601,3.3E-05,7.557193,0.592294,0.38601,3.273048
5.843595,0.959451,0.020559,3.3E-05,7.582319,0.595285,0.386177,3.269938
5.843084,0.958128,0.020525,3.3E-05,7.597354,0.599444,0.386222,3.262412
5.834106,0.959345,0.020525,3.3E-05,7.631032,0.597443,0.384111,3.245559
5.814788,0.957215,0.020523,3.3E-05,7.661418,0.593585,0.383532,3.235772
5.810174,0.95783,0.020526,3.3E-05,7.676764,0.59187,0.383631,3.231451
5.800313,0.957926,0.020531,3.3E-05,7.711943,0.588802,0.383546,3.229114
5.796179,0.964568,0.021009,3.3E-05,7.741972,0.588858,0.381566,3.22061
5.806173,0.980344,0.021075,3.3E-05,7.744025,0.586443,0.382621,3.21586
5.82255,0.977009,0.021115,3.3E-05,7.737694,0.585768,0.38115,3.212329
5.842431,0.973692,0.021077,3.3E-05,7.627194,0.58434,0.379491,3.207465
5.863579,0.976314,0.0211,3.3E-05,7.608221,0.58418,0.379453,3.20651
5.881371,0.972084,0.021095,3.3E-05,7.602057,0.582638,0.379363,3.205734
5.910421,0.965919,0.021094,3.3E-05,7.591506,0.580702,0.379131,3.203732
5.90858,0.960798,0.020541,3.3E-05,7.548778,0.578233,0.378964,3.203748
5.904208,0.957368,0.020494,3.3E-05,7.538663,0.576916,0.378865,3.205037
5.900846,0.949206,0.020493,3.3E-05,7.53376,0.573687,0.378798,3.222679
5.895914,0.947431,0.02049,3.3E-05,7.54204,0.570674,0.37815,3.252524
5.889198,0.944472,0.020495,3.3E-05,7.540267,0.567983,0.38119,3.269886
5.880392,0.93791,0.020453,3.3E-05,7.540807,0.571911,0.384814,3.267709
5.869335,0.934009,0.020413,3.3E-05,7.551471,0.568871,0.3848,3.273949
5.860257,0.93232,0.020411,3.3E-05,7.565757,0.567309,0.385113,3.275732
5.848674,0.926619,0.020412,3.3E-05,7.597448,0.56371,0.385072,3.265018
5.838443,0.922294,0.020376,3.3E-05,7.61771,0.55996,0.387047,3.257995
5.836603,0.916703,0.020377,3.3E-05,7.636543,0.554563,0.388959,3.25089
5.833585,0.91298,0.020375,3.3E-05,7.658272,0.550393,0.39133,3.238282
5.839729,0.909677,0.020178,3.3E-05,7.690743,0.54458,0.387,3.235064
5.857474,0.915707,0.020707,3.3E-05,7.71296,0.539336,0.386707,3.23317
5.881547,0.915002,0.020714,3.3E-05,7.735898,0.535727,0.384646,3.227469
5.909117,0.911675,0.020712,3.3E-05,7.739487,0.52897,0.386365,3.232073
5.939182,0.909857,0.020751,3.3E-05,7.756427,0.515273,0.379479,3.23227
5.962281,0.909421,0.02124,3.3E-05,7.770279,0.512238,0.382074,3.251029
5.965568,0.907998,0.021277,3.3E-05,7.768661,0.507657,0.385386,3.264615
5.975073,0.907,0.021936,3.3E-05,7.772454,0.50468,0.386293,3.273617
5.989913,0.904858,0.021978,3.3E-05,7.776802,0.502253,0.388252,3.286162
5.991695,0.904073,0.022011,3.3E-05,7.799616,0.499735,0.38704,3.289665
5.999724,0.910108,0.022065,3.3E-05,7.804938,0.499184,0.390693,3.291676
6.154918,0.920046,0.0221,3.4E-05,7.88666,0.509942,0.394869,3.306753
6.148877,0.902573,0.022042,3.4E-05,7.887475,0.510576,0.393786,3.320786
6.123567,0.898773,0.021997,3.4E-05,7.895934,0.509022,0.39385,3.336484
6.092119,0.897298,0.021956,3.4E-05,7.904145,0.510067,0.393955,3.350272
6.07401,0.892595,0.021915,3.4E-05,7.916344,0.510905,0.399443,3.357832
6.045404,0.88875,0.021915,3.4E-05,7.933227,0.514087,0.402307,3.355486
6.018357,0.889335,0.021918,3.4E-05,7.957246,0.513346,0.402365,3.353157
6.017839,0.894531,0.021922,3.4E-05,7.989852,0.513077,0.403427,3.353006
6.017885,0.894241,0.021924,3.4E-05,8.026476,0.511556,0.403484,3.356883
6.018998,0.894304,0.021923,3.4E-05,8.062452,0.510715,0.403511,3.33524
6.02155,0.898786,0.022045,3.6E-05,8.107551,0.512236,0.403196,3.310252
6.025524,0.904661,0.022694,3.6E-05,8.114125,0.51044,0.400128,3.297421
6.026767,0.914219,0.023277,3.6E-05,8.107479,0.503677,0.395556,3.291675
6.042335,0.913293,0.023273,3.6E-05,8.097856,0.503726,0.395545,3.283849
6.139856,0.912049,0.023273,3.6E-05,8.086061,0.502982,0.395178,3.284957
6.179729,0.913062,0.023273,3.6E-05,8.064619,0.506629,0.395662,3.278432
6.197712,0.911977,0.02327,3.6E-05,8.050902,0.514921,0.400559,3.286771
6.196414,0.912433,0.023275,3.6E-05,8.048094,0.515268,0.398687,3.298505
6.199807,0.912283,0.023276,3.6E-05,8.039315,0.516156,0.396347,3.308865
6.212706,0.910623,0.023278,3.6E-05,8.013909,0.523131,0.399683,3.314325
6.216073,0.902786,0.022754,3.7E-05,8.01196,0.520948,0.399329,3.312503
6.234107,0.899742,0.02276,3.6E-05,8.028424,0.522102,0.400037,3.316024
6.208902,0.903344,0.023357,3.7E-05,8.049967,0.522303,0.39834,3.307541
6.187921,0.901363,0.023318,3.7E-05,8.058447,0.525087,0.398338,3.317158
6.175168,0.914537,0.023318,3.7E-05,8.01907,0.523864,0.397107,3.296295
6.174217,0.918082,0.023277,3.6E-05,8.004675,0.522738,0.393748,3.284924
6.187947,0.918696,0.022617,3.6E-05,7.980682,0.521259,0.392903,3.279977
6.27761,0.916694,0.022582,3.7E-05,7.956919,0.520862,0.390891,3.277727
6.299593,0.914243,0.022543,3.7E-05,7.915606,0.520317,0.390726,3.283511
6.307064,0.905743,0.022486,3.6E-05,7.888704,0.518173,0.387069,3.29047
6.151385,0.887266,0.022015,3.5E-05,7.78225,0.504855,0.382976,3.282046
6.153661,0.886526,0.022095,3.5E-05,7.777202,0.503751,0.383514,3.286777
6.154737,0.886713,0.022098,3.5E-05,7.773172,0.50734,0.383509,3.277614
6.153012,0.886128,0.0221,3.5E-05,7.772169,0.507456,0.38344,3.274997
6.144019,0.885741,0.0221,3.5E-05,7.776816,0.505896,0.384395,3.275436
6.147414,0.885281,0.022103,3.5E-05,7.777875,0.506055,0.382206,3.276489
6.147635,0.885077,0.022109,3.5E-05,7.774731,0.505721,0.382367,3.278069
6.146054,0.879028,0.023183,3.5E-05,7.808278,0.51102,0.381738,3.281691
6.144276,0.878985,0.023192,3.5E-05,7.812978,0.510872,0.381785,3.276836
6.146086,0.879802,0.023191,3.5E-05,7.815581,0.512113,0.382684,3.277898
6.142956,0.879671,0.023068,3.4E-05,7.789366,0.510491,0.382082,3.274443
6.153783,0.891298,0.022479,3.4E-05,7.801941,0.511477,0.382312,3.269741
6.175247,0.886703,0.02194,3.4E-05,7.812732,0.517722,0.382701,3.270358
6.189371,0.889156,0.021944,3.3E-05,7.823147,0.517341,0.38278,3.270397
6.119499,0.890095,0.021946,3.3E-05,7.824449,0.515747,0.382892,3.262529
6.096315,0.89032,0.021984,3.3E-05,7.829459,0.512706,0.386925,3.270502
6.086083,0.890414,0.021986,3.3E-05,7.822578,0.504403,0.380072,3.272297
6.099473,0.892357,0.021981,3.3E-05,7.818087,0.503971,0.38009,3.278465
6.100893,0.892587,0.02198,3.3E-05,7.81531,0.503942,0.390272,3.281617
6.086294,0.892627,0.021978,3.3E-05,7.850613,0.497004,0.386992,3.271899
6.076224,0.894835,0.021973,3.3E-05,7.86002,0.498759,0.387085,3.273516
6.031805,0.899267,0.02196,3.3E-05,7.853736,0.501182,0.387581,3.271645
6.039597,0.897002,0.021406,3.3E-05,7.861455,0.50094,0.386282,3.267953
6.039863,0.900732,0.021966,3.2E-05,7.873335,0.4979,0.386195,3.255334
6.033651,0.89966,0.021474,3.2E-05,7.881686,0.497596,0.386892,3.260281
6.045557,0.893933,0.02147,3.2E-05,7.889365,0.497728,0.386865,3.254071
6.043322,0.892935,0.021511,3.3E-05,7.891483,0.497421,0.386803,3.250301
5.96645,0.89276,0.021505,3.2E-05,7.890882,0.496957,0.386805,3.245209
5.963263,0.893054,0.021505,3.2E-05,7.899019,0.497197,0.388935,3.236273
5.967367,0.893451,0.021506,3.2E-05,7.898062,0.497533,0.389016,3.222703
5.9928,0.898012,0.021468,3.2E-05,7.899214,0.498032,0.388988,3.218276
6.01019,0.898566,0.021386,3.2E-05,7.901254,0.496879,0.388355,3.198169
6.017873,0.898895,0.021493,3.2E-05,7.909152,0.493641,0.388337,3.198189
6.029691,0.89772,0.021493,3.2E-05,7.905693,0.491304,0.388327,3.20383
6.03453,0.898022,0.021494,3.2E-05,7.903384,0.494328,0.382191,3.219596
6.038434,0.898515,0.021492,3.2E-05,7.932971,0.490074,0.38156,3.222062
6.048479,0.897562,0.022551,3.2E-05,7.941947,0.493173,0.381422,3.225806
6.049295,0.897919,0.021473,3.2E-05,7.925761,0.487578,0.381103,3.225551
6.044657,0.899192,0.021463,3.2E-05,7.918693,0.48745,0.381048,3.227924
6.05178,0.898409,0.021462,3.2E-05,7.906652,0.486571,0.380181,3.238176
6.050961,0.894392,0.021463,3.2E-05,7.907686,0.489242,0.380059,3.237907
6.037887,0.893359,0.021983,3.2E-05,7.903256,0.489088,0.379979,3.236633
6.037249,0.888824,0.021939,3.2E-05,7.899116,0.482222,0.379323,3.240654
6.030745,0.890253,0.02194,3.2E-05,7.893995,0.488481,0.381321,3.243939
6.025587,0.888902,0.021938,3.2E-05,7.915536,0.488525,0.381267,3.246063
6.031844,0.887632,0.021901,3.2E-05,7.911342,0.487727,0.376756,3.24396
6.032556,0.887375,0.021899,3.2E-05,7.916548,0.48916,0.376736,3.243934
6.022381,0.888454,0.021901,3.2E-05,7.922949,0.489072,0.376748,3.239782
6.026507,0.888805,0.021902,3.2E-05,7.927716,0.489625,0.375445,3.233468
6.059637,0.890534,0.021913,3.2E-05,7.924771,0.49509,0.378064,3.236519
6.065115,0.889648,0.021957,3.2E-05,7.933441,0.496384,0.377348,3.229041
6.072947,0.885245,0.021961,3.2E-05,7.945323,0.495707,0.376694,3.228674
6.064381,0.884855,0.021918,3.2E-05,7.947459,0.497331,0.376275,3.231519
6.065255,0.896445,0.021992,3.2E-05,7.932762,0.498503,0.377117,3.23323
6.081764,0.8839,0.022032,3.3E-05,7.936788,0.498656,0.374845,3.230843
6.083318,0.88564,0.022073,3.3E-05,7.952543,0.498825,0.374872,3.232611
6.079595,0.888563,0.022036,3.2E-05,7.954963,0.4989,0.374887,3.232195
6.083439,0.891751,0.022035,3.3E-05,7.962898,0.499007,0.379848,3.237236
6.073276,0.892984,0.022077,3.3E-05,7.992349,0.499602,0.378551,3.252665
6.072569,0.895485,0.022114,3.4E-05,8.015063,0.506214,0.383822,3.260286
6.064136,0.892102,0.022154,3.4E-05,8.042665,0.506697,0.3845,3.261781
6.05597,0.893336,0.02219,3.4E-05,8.070374,0.508332,0.384466,3.265592
6.063654,0.893878,0.022121,3.4E-05,8.093062,0.507696,0.384604,3.264092
6.064616,0.894876,0.022157,3.5E-05,8.121447,0.507182,0.384738,3.248362
6.078658,0.907327,0.022813,3.4E-05,8.125395,0.502748,0.384407,3.227733
6.098572,0.90833,0.022852,3.4E-05,8.105529,0.503741,0.38552,3.236114
6.119407,0.910209,0.022314,3.4E-05,8.104909,0.504168,0.386403,3.232756
6.146455,0.911298,0.022805,3.4E-05,8.084603,0.504002,0.386473,3.230676
6.169098,0.909687,0.022809,3.4E-05,8.072129,0.503799,0.388438,3.239383
6.161608,0.909085,0.022808,3.4E-05,8.060122,0.503174,0.388455,3.244565
6.163957,0.908976,0.022809,3.4E-05,8.053524,0.501333,0.388506,3.260414
6.170011,0.892883,0.022225,3.4E-05,8.052319,0.510083,0.394821,3.27181
6.149233,0.89352,0.022231,3.4E-05,8.073808,0.510888,0.395556,3.268922
6.133394,0.890267,0.02223,3.4E-05,8.091268,0.504228,0.393581,3.267478
6.118629,0.89131,0.02223,3.5E-05,8.088273,0.503899,0.393876,3.279029
6.09725,0.890776,0.022228,3.5E-05,8.1125,0.505538,0.393933,3.275291
6.097426,0.892203,0.022227,3.5E-05,8.137809,0.505592,0.398255,3.261363
6.101908,0.90323,0.022926,3.5E-05,8.140875,0.505396,0.399587,3.252629
6.111963,0.903952,0.022964,3.5E-05,8.162313,0.504478,0.390781,3.244284
6.107661,0.907347,0.023444,3.5E-05,8.150495,0.501221,0.388241,3.239816
6.121087,0.906376,0.0234,3.5E-05,8.137877,0.496871,0.388178,3.250133
6.115448,0.906003,0.023399,3.5E-05,8.135695,0.493784,0.387702,3.26017
6.119608,0.913151,0.02346,3.6E-05,8.118277,0.491704,0.386421,3.277405
6.128824,0.897533,0.022828,3.5E-05,8.117361,0.502136,0.390779,3.285834
6.115617,0.894525,0.022788,3.5E-05,8.13796,0.502077,0.390812,3.282954
6.094718,0.894315,0.02275,3.5E-05,8.150241,0.501785,0.390902,3.282404
6.083697,0.889533,0.02275,3.5E-05,8.165851,0.501828,0.391011,3.284906
6.058018,0.886396,0.022752,3.6E-05,8.1975,0.503832,0.386169,3.279698
6.043802,0.88501,0.022708,3.5E-05,8.210886,0.503118,0.385469,3.266292
6.033772,0.894002,0.022712,3.3E-05,8.202824,0.496198,0.382781,3.263926
6.04108,0.892166,0.022681,3.3E-05,8.190046,0.49693,0.382084,3.261842
6.050368,0.894358,0.022642,3.3E-05,8.170001,0.494601,0.382064,3.258755
6.060929,0.892458,0.022606,3.3E-05,8.144175,0.495591,0.382046,3.253199
6.073425,0.89206,0.022605,3.3E-05,8.112426,0.497731,0.382059,3.257704
6.078308,0.878785,0.022068,3.3E-05,8.106935,0.49689,0.382057,3.262417
6.057196,0.876666,0.02203,3.3E-05,8.092105,0.495096,0.380975,3.262011
6.035423,0.875353,0.021522,3.3E-05,8.065068,0.491081,0.383903,3.285686
6.011491,0.876385,0.021038,3.3E-05,8.064753,0.491849,0.393092,3.292073
6.000039,0.876184,0.021036,3.3E-05,8.065676,0.498101,0.391153,3.280661
6.010034,0.877762,0.021045,3.3E-05,8.08145,0.499405,0.391649,3.268336
6.013537,0.875532,0.021045,3.3E-05,8.087006,0.501977,0.391604,3.25664
6.010488,0.880826,0.021046,3.3E-05,8.101591,0.491749,0.385316,3.248845
6.038108,0.889672,0.021179,3.4E-05,8.108274,0.491598,0.387113,3.249143
6.039632,0.902062,0.021747,3.4E-05,8.120889,0.491992,0.387192,3.252331
6.057443,0.903364,0.021796,3.4E-05,8.121459,0.492,0.386883,3.243126
6.075133,0.903381,0.021978,3.4E-05,8.108906,0.490085,0.386861,3.242649
6.099333,0.903974,0.022038,3.4E-05,8.101347,0.488389,0.384782,3.243684
6.10883,0.891109,0.021378,3.4E-05,8.096653,0.490246,0.383523,3.264079
6.100244,0.891315,0.021386,3.4E-05,8.096316,0.4935,0.388615,3.262892
6.074018,0.888874,0.0209,3.4E-05,8.094256,0.490709,0.388623,3.266696
6.062982,0.886202,0.020899,3.4E-05,8.086758,0.492897,0.390421,3.257078
6.064135,0.886071,0.020899,3.4E-05,8.08356,0.492738,0.39037,3.242006
6.064811,0.879758,0.020846,3.4E-05,8.103262,0.492848,0.390414,3.223219
6.077556,0.88107,0.020846,3.4E-05,8.122396,0.480997,0.385334,3.218314
6.076332,0.896036,0.020884,3.4E-05,8.102191,0.483322,0.385317,3.221632
6.093009,0.895301,0.020883,3.4E-05,8.082555,0.482988,0.385296,3.224144
6.113409,0.895277,0.02088,3.4E-05,8.062799,0.482545,0.385338,3.227281
6.127709,0.895101,0.020885,3.4E-05,8.046246,0.481552,0.386013,3.227569
6.149697,0.897669,0.020888,3.4E-05,8.023853,0.481389,0.386803,3.228161
6.154147,0.885617,0.020846,3.4E-05,8.028235,0.48163,0.3842,3.248182
6.130479,0.887742,0.020845,3.4E-05,8.024928,0.481183,0.387066,3.267169
6.109515,0.883854,0.021478,3.4E-05,8.032128,0.484653,0.396448,3.273392
6.094689,0.883919,0.021479,3.5E-05,8.050654,0.483623,0.397983,3.27174
6.078034,0.88559,0.021449,3.5E-05,8.068218,0.4863,0.399058,3.264772
6.061922,0.889099,0.021369,3.5E-05,8.090971,0.486484,0.399489,3.257402
6.071464,0.891323,0.02137,3.5E-05,8.106374,0.487372,0.400936,3.246819
6.068909,0.889799,0.021355,3.5E-05,8.131598,0.487607,0.397327,3.223838
6.082911,0.901813,0.021855,3.5E-05,8.139446,0.486585,0.38809,3.217785
6.107458,0.901521,0.021855,3.5E-05,8.13183,0.480087,0.3881,3.22113
6.12278,0.903594,0.021848,3.6E-05,8.11943,0.478495,0.387674,3.22332
6.14503,0.906445,0.021848,3.5E-05,8.098999,0.474483,0.38771,3.222112
6.163101,0.903337,0.02199,3.5E-05,8.071047,0.474328,0.387597,3.228682
6.15453,0.894165,0.021901,3.5E-05,8.031767,0.477176,0.386488,3.231435
6.147342,0.881319,0.021332,3.5E-05,7.99484,0.476741,0.38641,3.246994
6.139859,0.880271,0.021329,3.5E-05,7.994136,0.47769,0.389605,3.262341
6.117708,0.880233,0.021149,3.5E-05,8.02024,0.480393,0.390427,3.266764
6.09492,0.879326,0.021129,3.5E-05,8.052859,0.481206,0.38939,3.264724
6.092772,0.892641,0.021137,3.5E-05,8.099355,0.480822,0.390235,3.24619
6.097153,0.902748,0.022315,3.5E-05,8.098298,0.477579,0.38606,3.251387
6.120022,0.90535,0.022316,3.5E-05,8.090758,0.47764,0.38601,3.250902
6.134089,0.905384,0.022316,3.5E-05,8.096909,0.475498,0.386407,3.256139
6.159388,0.911865,0.022316,3.5E-05,8.097003,0.475833,0.386478,3.274496
6.161665,0.909756,0.022325,3.5E-05,8.082956,0.475926,0.386488,3.296175
6.139924,0.908795,0.022323,3.5E-05,8.070176,0.477795,0.392628,3.315134
6.143517,0.894498,0.022326,3.5E-05,8.093482,0.475425,0.394444,3.311847
6.157774,0.895432,0.022366,3.5E-05,8.126646,0.476705,0.395156,3.32045
6.139377,0.899713,0.022367,3.5E-05,8.159263,0.47886,0.395111,3.314957
6.129467,0.900467,0.022363,3.5E-05,8.16604,0.477921,0.394475,3.313107
6.115303,0.915656,0.0224,3.5E-05,8.168331,0.478084,0.395901,3.309877
6.119957,0.919651,0.022399,3.6E-05,8.167418,0.47792,0.395935,3.286749
6.143742,0.919293,0.022391,3.5E-05,8.168594,0.476755,0.393096,3.269971
6.150161,0.91931,0.021759,3.5E-05,8.163129,0.479445,0.383764,3.263353
6.148588,0.921535,0.021798,3.5E-05,8.156641,0.479108,0.382141,3.261448
6.153989,0.920329,0.021788,3.5E-05,8.136329,0.47392,0.380963,3.264125
6.161392,0.917258,0.021749,3.5E-05,8.11267,0.473804,0.38461,3.272532
6.157134,0.915321,0.021749,3.5E-05,8.086926,0.474948,0.383113,3.27946
6.156445,0.915423,0.021742,3.5E-05,8.064248,0.474796,0.382874,3.286547
6.143374,0.902575,0.021238,3.5E-05,8.037196,0.474733,0.384096,3.297065
6.105762,0.902825,0.021327,3.5E-05,8.026936,0.474649,0.384112,3.308051
6.077631,0.899061,0.021341,3.5E-05,8.017412,0.478278,0.388551,3.307915
6.05176,0.896504,0.021341,3.5E-05,8.010916,0.480099,0.389132,3.317306
6.022378,0.893784,0.0212,3.4E-05,8.009524,0.481103,0.39203,3.313622
5.99465,0.89415,0.02115,3.4E-05,8.009232,0.477144,0.39067,3.310367
5.994217,0.897254,0.021195,3.4E-05,8.003948,0.47717,0.390693,3.291519
5.977387,0.895914,0.021149,3.4E-05,7.988273,0.476082,0.387534,3.278154
5.981285,0.8964,0.021148,3.4E-05,7.957547,0.473305,0.388759,3.271436
5.969899,0.895145,0.02111,3.4E-05,7.910399,0.475543,0.387588,3.272631
5.959616,0.880551,0.021059,3.4E-05,7.861457,0.475822,0.386762,3.263141
5.94,0.869315,0.019835,3.4E-05,7.849692,0.475065,0.386018,3.261305
5.911608,0.865026,0.019833,3.4E-05,7.857542,0.475068,0.387308,3.258234
5.884901,0.869315,0.019876,3.4E-05,7.860166,0.476228,0.385164,3.25175
5.854953,0.863097,0.019877,3.4E-05,7.856323,0.475978,0.385147,3.238553
5.842758,0.86408,0.021032,3.4E-05,7.856028,0.475949,0.385115,3.215108
5.835107,0.866504,0.021072,3.4E-05,7.855314,0.474199,0.38002,3.191436
5.835854,0.869474,0.021073,3.5E-05,7.831308,0.477045,0.378211,3.193938
5.815865,0.869262,0.021462,3.4E-05,7.79426,0.475821,0.377503,3.183332
5.814162,0.86538,0.021458,3.4E-05,7.763509,0.473922,0.37742,3.182138
5.814357,0.866163,0.021459,3.4E-05,7.747161,0.473596,0.377319,3.176831
5.812933,0.84866,0.021418,3.4E-05,7.736023,0.474726,0.375113,3.179258
5.807985,0.846327,0.021455,3.4E-05,7.730604,0.476356,0.375101,3.178331
5.793305,0.845951,0.02145,3.4E-05,7.722846,0.47618,0.375128,3.175737
5.795776,0.845611,0.021447,3.4E-05,7.713616,0.469975,0.375108,3.178456
5.794583,0.844482,0.021408,3.4E-05,7.697321,0.470593,0.37627,3.180534
5.784466,0.845168,0.021407,3.4E-05,7.690922,0.470726,0.376379,3.183215
5.776219,0.844705,0.021406,3.4E-05,7.679478,0.474338,0.372397,3.178889
5.769133,0.844284,0.021403,3.3E-05,7.676539,0.472218,0.376094,3.176828
5.764945,0.84396,0.021404,3.3E-05,7.671158,0.472028,0.376119,3.173485
5.762148,0.844198,0.021441,3.3E-05,7.668287,0.471702,0.374875,3.167602
5.766101,0.845182,0.021352,3.3E-05,7.672676,0.471489,0.374807,3.160432
5.765603,0.844455,0.021344,3.3E-05,7.674539,0.467532,0.371855,3.159754
5.762953,0.843946,0.021342,3.3E-05,7.682236,0.465666,0.373062,3.151741
5.767261,0.843157,0.021339,3.3E-05,7.687562,0.467832,0.370744,3.146599
5.772247,0.841156,0.021338,3.4E-05,7.696077,0.470257,0.371463,3.153107
5.779684,0.838256,0.021291,3.3E-05,7.711167,0.470144,0.371425,3.155967
5.782687,0.838728,0.02129,3.3E-05,7.71596,0.473599,0.377301,3.153719
5.775684,0.837706,0.02129,3.3E-05,7.717691,0.473751,0.37695,3.160266
5.774113,0.837141,0.021296,3.3E-05,7.723014,0.471729,0.380153,3.158466
5.767545,0.839453,0.021298,3.3E-05,7.733721,0.470074,0.380245,3.15648
5.77338,0.841153,0.021295,3.4E-05,7.736856,0.471655,0.380204,3.155811
5.785721,0.840885,0.021728,3.4E-05,7.739376,0.471655,0.37939,3.15486
5.780125,0.838971,0.021725,3.4E-05,7.732643,0.470118,0.379366,3.159445
5.78339,0.843245,0.021771,3.4E-05,7.727901,0.469786,0.380649,3.15565
5.793085,0.841733,0.020599,3.4E-05,7.732775,0.469695,0.382276,3.157631
5.806221,0.841962,0.020566,3.4E-05,7.735694,0.469633,0.381248,3.158522
5.80144,0.836851,0.020525,3.4E-05,7.733863,0.466514,0.381407,3.155809
5.799123,0.836677,0.020134,3.4E-05,7.740429,0.468782,0.383512,3.155535
5.800803,0.841645,0.020137,3.4E-05,7.746954,0.468783,0.383675,3.157847
5.801274,0.840097,0.020135,3.4E-05,7.748881,0.468853,0.385571,3.164525
5.793764,0.839855,0.020137,3.4E-05,7.746902,0.468863,0.387134,3.163625
5.782689,0.838062,0.020103,3.4E-05,7.74855,0.466878,0.387147,3.169026
5.774191,0.839985,0.020107,3.4E-05,7.753052,0.466646,0.387103,3.173242
5.767541,0.839929,0.020107,3.4E-05,7.758636,0.466512,0.388364,3.176343
5.761793,0.83863,0.020104,3.4E-05,7.773557,0.467203,0.388181,3.180423
5.763453,0.836643,0.020656,3.5E-05,7.795429,0.46988,0.388096,3.17577
5.762475,0.838182,0.021596,3.5E-05,7.810552,0.468904,0.388025,3.171433
5.766177,0.8399,0.021595,3.5E-05,7.826835,0.470225,0.384828,3.169268
5.764588,0.841489,0.021596,3.5E-05,7.842125,0.471409,0.385968,3.162943
5.765787,0.842181,0.021558,3.6E-05,7.867716,0.471739,0.386015,3.156952
5.76674,0.842754,0.021565,3.6E-05,7.882445,0.472109,0.386123,3.157765
5.765959,0.844217,0.021641,3.5E-05,7.889496,0.472532,0.384796,3.155617
5.769687,0.844864,0.021645,3.5E-05,7.901047,0.472733,0.384266,3.157194
5.7742,0.845576,0.021646,3.5E-05,7.913468,0.4697,0.383697,3.162387
5.773393,0.849767,0.021647,3.5E-05,7.92002,0.470349,0.382998,3.158113
5.77739,0.853701,0.021711,3.5E-05,7.916768,0.474554,0.383078,3.156791
5.780894,0.854715,0.021709,3.6E-05,7.914452,0.471106,0.377203,3.154333
5.790433,0.857228,0.021748,3.6E-05,7.917388,0.472619,0.375557,3.151998
5.805151,0.857472,0.02174,3.6E-05,7.914483,0.471453,0.372385,3.157645
5.826886,0.858251,0.021789,3.8E-05,7.93056,0.472964,0.373105,3.171429
5.843307,0.856107,0.021989,3.7E-05,7.933849,0.472685,0.373695,3.171314
5.846693,0.860709,0.021557,3.8E-05,7.915356,0.472436,0.373243,3.188141
5.861856,0.858521,0.021518,3.8E-05,7.917373,0.484574,0.380785,3.18678
5.861839,0.854559,0.021472,3.7E-05,7.938725,0.484844,0.379556,3.185832
5.86853,0.854997,0.02147,3.7E-05,7.944089,0.486315,0.377949,3.18722
5.86992,0.852576,0.021463,3.7E-05,7.951143,0.486482,0.377884,3.192952
5.869206,0.85317,0.021462,3.7E-05,7.971557,0.489243,0.381604,3.194109
5.867952,0.852153,0.021423,3.7E-05,7.981404,0.487127,0.379591,3.199296
5.880827,0.85833,0.021423,3.7E-05,7.979458,0.488742,0.379466,3.205106
5.896338,0.861972,0.021462,3.7E-05,7.993927,0.48884,0.377644,3.200765
5.926096,0.863528,0.021459,3.7E-05,8.009126,0.487576,0.376095,3.200239
5.944954,0.867664,0.021456,3.7E-05,8.008456,0.491701,0.376115,3.203166
5.969342,0.866213,0.021492,3.7E-05,8.028692,0.493814,0.376138,3.200433
5.974972,0.869325,0.021492,3.7E-05,8.03317,0.49389,0.375334,3.213035
5.978879,0.87237,0.021491,3.7E-05,8.023749,0.495707,0.384434,3.216577
5.98349,0.871675,0.02094,3.6E-05,8.039378,0.49266,0.384448,3.217353
5.988953,0.87387,0.019998,3.6E-05,8.054599,0.492535,0.384472,3.227571
5.991013,0.872211,0.020197,3.6E-05,8.081471,0.492475,0.384055,3.226849
6.002352,0.873525,0.020195,3.5E-05,8.0818,0.49264,0.383002,3.22573
6.010711,0.870344,0.020195,3.5E-05,8.075975,0.492405,0.383009,3.233002
6.014105,0.883113,0.020198,3.5E-05,8.077783,0.49373,0.382991,3.231843
6.042764,0.886283,0.020281,3.4E-05,8.076479,0.493559,0.382777,3.232823
6.057723,0.890187,0.020277,3.4E-05,8.06737,0.493366,0.381523,3.236128
6.073189,0.889747,0.020278,3.4E-05,8.073699,0.494472,0.381566,3.235021
6.097987,0.88952,0.020325,3.4E-05,8.076231,0.491287,0.381597,3.236473
6.096952,0.884155,0.020265,3.4E-05,8.072821,0.48705,0.38154,3.262185
6.090287,0.883837,0.020266,3.4E-05,8.085557,0.490435,0.381657,3.280114
6.088266,0.884828,0.020727,3.4E-05,8.093374,0.498724,0.388464,3.279861
6.092705,0.888517,0.020767,3.4E-05,8.120391,0.500882,0.388485,3.279349
6.080083,0.884777,0.020724,3.2E-05,8.12445,0.500425,0.388444,3.26992
6.073206,0.885033,0.020528,3.2E-05,8.130137,0.500655,0.387784,3.268075
6.070337,0.882762,0.02163,3.1E-05,8.151012,0.500795,0.387764,3.257152
6.068065,0.898786,0.02167,3.2E-05,8.149571,0.489019,0.382851,3.25435
6.090539,0.901804,0.021731,3.2E-05,8.124499,0.488848,0.382795,3.258746
6.103293,0.901396,0.021733,3.2E-05,8.103181,0.487254,0.38445,3.259768
6.111972,0.900586,0.021741,3.2E-05,8.085575,0.486943,0.390844,3.256887
6.1309,0.899811,0.021745,3.2E-05,8.067775,0.484241,0.387059,3.260945
6.124684,0.899015,0.021746,3.2E-05,8.052926,0.485706,0.386933,3.267329
6.110772,0.890248,0.021743,3.2E-05,8.057781,0.485735,0.386958,3.282252
6.090527,0.886701,0.021849,3.2E-05,8.051898,0.494711,0.391881,3.285212
6.071152,0.886221,0.022295,3.2E-05,8.064919,0.494648,0.391973,3.283893
6.052152,0.882793,0.022294,3.2E-05,8.092976,0.490617,0.393287,3.277091
6.035465,0.88499,0.022257,3.2E-05,8.089638,0.488838,0.393292,3.275598
6.036761,0.881789,0.022255,3.2E-05,8.099445,0.489015,0.39288,3.257985
6.039047,0.878557,0.02226,3.2E-05,8.11767,0.485788,0.383009,3.251414
6.044935,0.880344,0.022261,3.2E-05,8.115392,0.48572,0.383013,3.250847
6.061179,0.878426,0.022292,3.2E-05,8.092751,0.484689,0.382999,3.240619
6.080937,0.882819,0.022092,3.2E-05,8.062896,0.483561,0.385842,3.236613
6.097806,0.880402,0.022093,3.2E-05,8.055782,0.482212,0.386118,3.238076
6.109557,0.880603,0.022091,3.2E-05,8.048453,0.482253,0.386136,3.237183
6.128627,0.868995,0.022081,3.2E-05,8.037529,0.481972,0.386203,3.240688
6.107327,0.865016,0.021913,3.3E-05,8.029672,0.481767,0.386309,3.249253
6.091564,0.86167,0.023423,3.3E-05,8.02961,0.482263,0.386263,3.255811
6.074369,0.864555,0.023427,3.3E-05,8.023524,0.48219,0.386313,3.269574
6.051336,0.86107,0.023378,3.3E-05,8.024271,0.490123,0.392011,3.273947
6.043612,0.864676,0.023375,3.3E-05,8.074366,0.49119,0.39422,3.252349
6.048299,0.863062,0.023385,3.3E-05,8.088358,0.487599,0.394187,3.238717
6.055852,0.863754,0.023318,3.3E-05,8.134009,0.47798,0.387545,3.238247
6.059224,0.873845,0.023287,3.2E-05,8.119664,0.475795,0.388917,3.237312
6.086127,0.878518,0.023319,3.3E-05,8.104905,0.474998,0.388096,3.235156
6.107626,0.878296,0.023316,3.3E-05,8.090519,0.473358,0.388076,3.234197
6.123847,0.877984,0.022214,3.3E-05,8.074352,0.473173,0.388145,3.23588
6.138426,0.86205,0.022172,3.2E-05,8.07008,0.474703,0.387834,3.243304
6.115389,0.858818,0.022109,3.2E-05,8.065608,0.477322,0.387885,3.263851
6.099005,0.85934,0.022109,3.2E-05,8.073429,0.478503,0.386351,3.280368
6.078086,0.859843,0.0221,3.2E-05,8.087516,0.485785,0.380745,3.282344
6.060144,0.861647,0.0221,3.2E-05,8.109807,0.485715,0.382579,3.28119
6.06092,0.862183,0.0221,3.2E-05,8.130569,0.486686,0.382639,3.271062
6.054434,0.861343,0.022099,3.2E-05,8.159416,0.484952,0.385991,3.247997
6.051702,0.861287,0.021957,3.2E-05,8.175902,0.475603,0.381731,3.246255
6.052889,0.873875,0.021554,3.2E-05,8.15949,0.475683,0.381641,3.249054
6.080525,0.873021,0.021555,3.2E-05,8.134327,0.475449,0.380321,3.24759
6.109169,0.870475,0.021556,3.2E-05,8.120228,0.475283,0.380348,3.249843
6.123035,0.872702,0.021564,3.2E-05,8.100986,0.475269,0.380404,3.245971
6.146554,0.876713,0.021564,3.2E-05,8.083433,0.475419,0.38026,3.24737
6.159585,0.876465,0.021604,3.2E-05,8.07154,0.477344,0.380251,3.250942
6.138175,0.875906,0.021574,3.2E-05,8.073663,0.475681,0.380255,3.266821
6.123014,0.875571,0.021574,3.2E-05,8.07725,0.477701,0.377911,3.292296
6.098413,0.87554,0.021577,3.2E-05,8.100826,0.482622,0.377674,3.29277
6.082884,0.877396,0.021584,3.2E-05,8.130359,0.482764,0.377802,3.289818
6.064827,0.874582,0.021584,3.2E-05,8.152188,0.481637,0.380283,3.283723
6.062155,0.876365,0.021586,3.2E-05,8.179071,0.485158,0.382581,3.270809
6.065302,0.87549,0.020074,3.2E-05,8.204991,0.484712,0.382643,3.255939
6.066556,0.874998,0.02007,3.2E-05,8.218252,0.485188,0.382678,3.240236
6.082306,0.878859,0.020072,3.2E-05,8.215384,0.479235,0.37696,3.242074
6.111609,0.879766,0.020073,3.2E-05,8.171149,0.478238,0.374815,3.234736
6.136226,0.879629,0.020067,3.2E-05,8.150816,0.47991,0.374832,3.234041
6.152227,0.882513,0.019637,3.2E-05,8.097219,0.486926,0.375158,3.232318
6.138826,0.868496,0.019638,3.2E-05,8.088157,0.486891,0.373865,3.238831
6.117011,0.86625,0.019599,3.2E-05,8.07311,0.488001,0.373864,3.257688
6.088779,0.865829,0.019602,3.2E-05,8.074353,0.496634,0.380299,3.266608
6.066492,0.863996,0.019601,3.2E-05,8.098594,0.496645,0.383274,3.260184
6.045298,0.863746,0.019605,3.2E-05,8.122485,0.495084,0.381041,3.256414
6.044884,0.863491,0.019608,3.2E-05,8.140172,0.494958,0.381581,3.231548
6.042025,0.86318,0.019608,3.2E-05,8.15603,0.493908,0.384248,3.215382
6.041359,0.867403,0.01961,3.2E-05,8.164048,0.488743,0.387703,3.211524
6.041047,0.880299,0.019646,3.3E-05,8.149249,0.488891,0.387936,3.206439
6.059754,0.880085,0.019646,3.3E-05,8.1359,0.486296,0.387899,3.204892
6.085209,0.878022,0.019644,3.2E-05,8.106855,0.486897,0.387241,3.20624
6.10654,0.87987,0.019679,3.3E-05,8.092346,0.487089,0.386571,3.204668
6.116419,0.867466,0.019639,3.3E-05,8.084682,0.487298,0.386593,3.203655
6.109647,0.867716,0.020715,3.2E-05,8.087032,0.48753,0.38669,3.206174
6.078848,0.868809,0.02071,3.2E-05,8.080698,0.487133,0.386664,3.221012
6.06591,0.867899,0.020704,3.2E-05,8.08242,0.486817,0.388058,3.237409
6.041078,0.864086,0.020703,3.3E-05,8.084605,0.487879,0.3977,3.239843
6.023201,0.862587,0.020662,3.2E-05,8.094252,0.489331,0.39772,3.23922
6.028171,0.861612,0.020662,3.2E-05,8.102518,0.489414,0.397744,3.241076
6.01748,0.857988,0.020663,3.2E-05,8.116894,0.487532,0.401781,3.220789
6.017445,0.859937,0.020661,3.3E-05,8.116323,0.482851,0.40175,3.221801
6.018477,0.858517,0.020654,3.3E-05,8.111614,0.482781,0.401679,3.221513
6.017515,0.862125,0.020653,3.3E-05,8.124964,0.48485,0.400882,3.224965
6.044677,0.860612,0.02066,3.3E-05,8.116517,0.481622,0.398747,3.229108
6.06753,0.862692,0.020703,3.3E-05,8.127757,0.482108,0.398821,3.233063
6.082193,0.865587,0.020716,3.3E-05,8.109735,0.480759,0.398756,3.253767
6.082402,0.862288,0.020715,3.3E-05,8.138373,0.481125,0.400369,3.264078
6.061747,0.860183,0.020767,3.3E-05,8.157854,0.48643,0.400488,3.266018
6.0433,0.864688,0.020857,3.3E-05,8.172845,0.486152,0.402598,3.271198
6.021363,0.858613,0.020855,3.3E-05,8.193749,0.479076,0.402187,3.274751
6.020987,0.859288,0.020844,3.3E-05,8.218927,0.480964,0.402955,3.268685
6.019129,0.857926,0.020844,3.3E-05,8.240011,0.480179,0.402995,3.251553
6.020622,0.876876,0.02084,3.3E-05,8.241387,0.473565,0.396599,3.247016
6.041388,0.880064,0.020875,3.3E-05,8.237088,0.476038,0.393591,3.245654
6.070015,0.882074,0.020934,3.3E-05,8.226824,0.475946,0.393596,3.246964
6.083356,0.886423,0.020938,3.3E-05,8.220452,0.473463,0.393065,3.255447
6.082578,0.886544,0.020936,3.3E-05,8.207549,0.474006,0.390302,3.269374
6.092423,0.888036,0.020934,3.3E-05,8.184779,0.471995,0.386092,3.290531
6.097393,0.87393,0.020893,3.3E-05,8.180744,0.480942,0.389078,3.295357
6.078328,0.877109,0.020896,3.3E-05,8.18851,0.480938,0.389085,3.297021
6.056335,0.881441,0.020898,3.3E-05,8.202309,0.48256,0.386412,3.297015
6.04148,0.879647,0.020862,3.3E-05,8.210341,0.483792,0.386431,3.303169
6.02582,0.878161,0.02086,3.3E-05,8.223627,0.483382,0.387682,3.304607
6.010053,0.880561,0.019846,3.3E-05,8.236024,0.483502,0.391726,3.302862
6.010062,0.88985,0.019889,3.3E-05,8.24431,0.483874,0.393392,3.289393
6.019527,0.888769,0.019892,3.3E-05,8.259215,0.484249,0.392082,3.277355
6.042935,0.891756,0.019935,3.3E-05,8.261434,0.482968,0.382453,3.272065
6.058939,0.89158,0.019937,3.3E-05,8.241279,0.482742,0.38526,3.27143
6.078518,0.895021,0.01994,3.3E-05,8.235595,0.482764,0.385437,3.25251
6.100304,0.894599,0.019938,3.3E-05,8.211478,0.482478,0.380942,3.251644
6.10057,0.89218,0.019935,3.3E-05,8.183235,0.487716,0.382173,3.259864
6.095835,0.895414,0.019937,3.2E-05,8.166774,0.487625,0.382147,3.275217
6.104392,0.894417,0.019939,3.2E-05,8.128819,0.486633,0.381663,3.285155
6.085442,0.893833,0.01993,3.2E-05,8.133395,0.491394,0.381487,3.285631
6.064735,0.891619,0.01989,3.2E-05,8.124675,0.493854,0.381552,3.282685
6.058169,0.889137,0.019875,3.2E-05,8.142098,0.493594,0.381601,3.264703
6.04899,0.888168,0.019879,3.2E-05,8.129572,0.492991,0.380119,3.250211
6.045905,0.886643,0.019826,3.2E-05,8.124516,0.487625,0.38001,3.255148
6.052168,0.893648,0.019734,3.2E-05,8.104185,0.487717,0.381849,3.250808
6.080376,0.896821,0.01977,3.2E-05,8.098556,0.487249,0.382918,3.251847
6.101767,0.899965,0.01977,3.2E-05,8.083759,0.485326,0.382214,3.25005
6.115671,0.898952,0.019768,3.1E-05,8.070721,0.484588,0.382213,3.255309
6.11201,0.880061,0.019767,3.1E-05,8.081804,0.48259,0.382178,3.268729
6.088788,0.882672,0.020927,3.1E-05,8.083216,0.480727,0.383592,3.286526
6.074064,0.880431,0.020867,3.1E-05,8.090177,0.480569,0.383784,3.297404
6.066382,0.875921,0.020863,3.1E-05,8.104211,0.482985,0.383842,3.288996
6.079545,0.878378,0.020867,3E-05,8.119204,0.482462,0.383972,3.272175
6.079241,0.872392,0.020866,3E-05,8.140037,0.484238,0.385826,3.254814
6.078549,0.874521,0.020866,3E-05,8.167053,0.475357,0.380895,3.260113
6.104856,0.872468,0.020865,3E-05,8.152057,0.476059,0.384903,3.260385
6.123801,0.870151,0.020903,3E-05,8.147258,0.478485,0.384961,3.263126
6.142076,0.873219,0.020901,3E-05,8.137655,0.477301,0.38502,3.260662
6.16131,0.874852,0.020941,3E-05,8.133096,0.47903,0.388267,3.261539
6.159539,0.872444,0.020877,3E-05,8.122249,0.478732,0.384138,3.279721
6.168618,0.860644,0.020844,3E-05,8.131219,0.478882,0.384237,3.296138
6.156711,0.864795,0.020841,3E-05,8.147849,0.482857,0.384224,3.298206
6.134404,0.86184,0.020798,3.1E-05,8.176251,0.483011,0.384252,3.29572
6.118752,0.86308,0.020797,3.1E-05,8.199546,0.479964,0.381511,3.293485
6.100545,0.859579,0.020796,3.1E-05,8.222967,0.481369,0.381368,3.298474
6.08635,0.85987,0.020797,3.1E-05,8.246495,0.48169,0.381334,3.296112
6.090493,0.87375,0.020837,3.1E-05,8.255758,0.476579,0.380092,3.286164
6.115522,0.870085,0.020839,3.1E-05,8.2484,0.476784,0.380173,3.275657
6.127673,0.870547,0.020943,3.1E-05,8.261636,0.475814,0.37903,3.260704
6.151137,0.872862,0.020985,3.1E-05,8.248143,0.471147,0.380078,3.256139
6.161537,0.875293,0.020985,3E-05,8.226182,0.468363,0.380015,3.26326
6.167549,0.87305,0.020986,3E-05,8.215825,0.468473,0.379967,3.264488
6.165901,0.873911,0.020979,3.1E-05,8.192898,0.467011,0.379838,3.277022
6.169072,0.873428,0.021109,3.1E-05,8.170596,0.470639,0.379805,3.292287
6.152553,0.862558,0.021108,3.1E-05,8.190771,0.473654,0.375841,3.28786
6.121416,0.863408,0.021193,3.2E-05,8.202636,0.474034,0.376052,3.280253
6.106473,0.860298,0.021201,3.1E-05,8.205224,0.47433,0.375916,3.278446
6.091872,0.863121,0.0212,3.1E-05,8.227697,0.47452,0.375929,3.270886
6.100264,0.864262,0.02184,3.2E-05,8.2373,0.474716,0.375974,3.25527
6.10929,0.875255,0.02065,3.2E-05,8.216979,0.474732,0.374569,3.243839
6.117208,0.875989,0.020649,3.2E-05,8.197898,0.475011,0.374452,3.228891
6.141297,0.876925,0.020646,3.3E-05,8.17618,0.472798,0.374467,3.231757
6.152605,0.877609,0.020702,3.3E-05,8.158318,0.472892,0.374421,3.240781
6.169349,0.878379,0.020706,3.2E-05,8.151381,0.473246,0.372575,3.238116
6.163992,0.878155,0.020707,3.2E-05,8.11583,0.473195,0.372448,3.248678
6.137733,0.879667,0.020705,3.2E-05,8.120371,0.476313,0.369334,3.26603
6.115202,0.880049,0.020667,3.2E-05,8.138488,0.472041,0.369417,3.266826
6.090059,0.878969,0.020668,3.2E-05,8.159841,0.472353,0.371369,3.264618
6.068402,0.878286,0.02063,3.2E-05,8.174792,0.470998,0.366975,3.26275
6.073664,0.88032,0.020743,3.2E-05,8.191174,0.471509,0.366991,3.244654
6.068978,0.881564,0.020734,3.2E-05,8.203608,0.471579,0.365318,3.224567
6.074217,0.879018,0.020736,3.3E-05,8.202978,0.467542,0.365228,3.225435
6.087763,0.881611,0.020735,3.3E-05,8.181411,0.467405,0.36524,3.224266
6.112051,0.882377,0.020734,3.3E-05,8.159595,0.467463,0.365405,3.2235
6.128024,0.881916,0.02086,3.3E-05,8.134634,0.465731,0.366638,3.228298
6.145614,0.883581,0.021117,3.3E-05,8.120079,0.465356,0.366598,3.238826
6.166085,0.870118,0.021084,3.3E-05,8.129475,0.468472,0.367368,3.245183
6.146592,0.870218,0.021083,3.2E-05,8.132373,0.468221,0.367313,3.261245
6.124472,0.866865,0.020978,3.2E-05,8.125936,0.468022,0.37835,3.269378
6.093615,0.865358,0.020973,3.2E-05,8.141711,0.471373,0.377299,3.272892
6.087682,0.863283,0.020974,3.2E-05,8.14973,0.483173,0.379384,3.268895
6.065255,0.863079,0.020977,3.3E-05,8.162425,0.484339,0.379405,3.263303
6.078287,0.874801,0.021664,3.3E-05,8.186461,0.487038,0.379657,3.246367
6.075091,0.875665,0.021533,3.3E-05,8.212192,0.483638,0.379776,3.233691
6.100513,0.875734,0.021534,3.3E-05,8.20086,0.479935,0.379788,3.244869
6.128218,0.873934,0.02142,3.2E-05,8.170915,0.480106,0.378554,3.246254
6.149651,0.873197,0.021415,3.3E-05,8.158124,0.479846,0.381139,3.247526
6.16638,0.873152,0.021414,3.3E-05,8.133859,0.479616,0.381127,3.249832
6.165398,0.872134,0.020778,3.3E-05,8.109835,0.480581,0.381099,3.262169
6.158743,0.854061,0.021579,3.3E-05,8.116009,0.47991,0.38287,3.280398
6.139276,0.853345,0.02158,3.3E-05,8.123162,0.487201,0.388542,3.28839
6.118019,0.852634,0.021582,3.3E-05,8.14071,0.489728,0.388522,3.289891
6.093102,0.849403,0.021522,3.3E-05,8.163263,0.489471,0.392063,3.281744
6.071608,0.848218,0.021521,3.3E-05,8.18266,0.487406,0.392543,3.278567
6.079658,0.846295,0.021521,3.3E-05,8.214724,0.487354,0.392703,3.261413
6.076095,0.849895,0.021524,3.3E-05,8.242611,0.483548,0.392044,3.242117
6.097353,0.849317,0.021563,3.3E-05,8.229096,0.483178,0.392036,3.238783
6.115676,0.847928,0.02157,3.3E-05,8.20152,0.482904,0.390049,3.238747
6.136991,0.849256,0.021571,3.3E-05,8.183742,0.482674,0.389951,3.239409
6.147954,0.850585,0.021459,3.3E-05,8.176926,0.484427,0.389977,3.245527
6.152801,0.851066,0.021464,3.2E-05,8.166173,0.486038,0.389895,3.27173
6.150775,0.852335,0.021503,3.2E-05,8.173404,0.49293,0.390174,3.274275
6.149691,0.849648,0.022145,3.4E-05,8.197595,0.494781,0.390283,3.284775
6.130075,0.849193,0.022788,3.4E-05,8.237481,0.498255,0.390639,3.290211
6.114684,0.849256,0.022662,3.4E-05,8.262683,0.498473,0.389396,3.286636
6.110676,0.848816,0.022445,3.4E-05,8.260923,0.499732,0.389743,3.283568
6.105394,0.850781,0.022439,3.4E-05,8.25441,0.496089,0.388975,3.277978
6.123527,0.850477,0.022439,3.5E-05,8.256714,0.495944,0.390887,3.252676
6.140276,0.852228,0.022479,3.5E-05,8.25454,0.495745,0.379732,3.265527
6.154776,0.851448,0.022447,3.5E-05,8.233744,0.492157,0.379963,3.268806
6.142669,0.851901,0.022446,3.5E-05,8.216436,0.480187,0.377788,3.267541
6.147075,0.855314,0.022443,3.5E-05,8.195033,0.478925,0.37776,3.287739
6.129738,0.84318,0.021757,3.4E-05,8.178573,0.477149,0.377624,3.298369
6.120691,0.842188,0.021757,3.4E-05,8.164216,0.479055,0.378275,3.298148
6.095787,0.843036,0.021758,3.4E-05,8.164139,0.481318,0.382682,3.28859
6.066953,0.840785,0.021749,3.4E-05,8.172672,0.480846,0.3826,3.292634
6.032674,0.841056,0.021748,3.4E-05,8.18132,0.481443,0.380015,3.290494
6.007979,0.838698,0.021749,3.4E-05,8.195321,0.481427,0.380072,3.288858
6.000475,0.841138,0.021749,3.4E-05,8.21543,0.482125,0.381897,3.284954
6.002693,0.844684,0.020983,3.4E-05,8.232265,0.482533,0.381906,3.264209
6.009445,0.848727,0.021085,3.4E-05,8.240529,0.475137,0.377949,3.260087
6.011491,0.851794,0.021088,3.4E-05,8.237243,0.472609,0.379248,3.264584
6.019313,0.854237,0.021168,3.5E-05,8.228009,0.475092,0.375784,3.268989
6.03662,0.86001,0.02117,3.5E-05,8.212805,0.47513,0.377031,3.277509
6.036834,0.862,0.021171,3.5E-05,8.199742,0.476523,0.379445,3.284624
6.046233,0.858024,0.02117,3.5E-05,8.194565,0.476804,0.379281,3.296019
6.0334,0.857689,0.021131,3.5E-05,8.21051,0.478951,0.379391,3.303523
6.023089,0.859171,0.021123,3.5E-05,8.240016,0.479059,0.381324,3.307683
6.020944,0.866699,0.021124,3.5E-05,8.270474,0.481879,0.384189,3.320507
6.036,0.86637,0.021164,3.5E-05,8.290008,0.480865,0.386212,3.323227
6.061207,0.867237,0.021202,3.5E-05,8.30619,0.481344,0.387035,3.315407
6.069867,0.867446,0.021205,3.5E-05,8.305478,0.476178,0.389405,3.322872
6.06743,0.870774,0.020602,3.4E-05,8.310386,0.479408,0.390261,3.325872
6.072814,0.872237,0.019999,3.4E-05,8.307807,0.478966,0.389748,3.333114
6.08731,0.88155,0.020059,3.4E-05,8.30709,0.481539,0.390683,3.336747
6.087664,0.881101,0.020671,3.4E-05,8.312551,0.480645,0.392846,3.333205
6.084547,0.88015,0.02077,3.4E-05,8.312933,0.481015,0.392907,3.33685
6.080986,0.882019,0.02077,3.4E-05,8.318623,0.481345,0.393311,3.351146
6.076694,0.881964,0.021964,3.4E-05,8.330807,0.485545,0.394946,3.344823
6.079349,0.885496,0.022,3.4E-05,8.346729,0.492558,0.396393,3.345776
6.088944,0.885122,0.022001,3.4E-05,8.3708,0.494742,0.396399,3.350892
6.091199,0.881503,0.022001,3.4E-05,8.398652,0.49486,0.397533,3.336219
6.10627,0.884497,0.022001,3.4E-05,8.427805,0.496668,0.397451,3.336397
6.139014,0.892038,0.022001,3.4E-05,8.45077,0.49628,0.396712,3.33745
6.157733,0.89218,0.022003,3.4E-05,8.473317,0.493959,0.392294,3.345455
6.185311,0.894436,0.022007,3.4E-05,8.484838,0.494826,0.393067,3.352648
6.20234,0.899587,0.022433,3.4E-05,8.489508,0.495547,0.402656,3.363086
6.217558,0.901304,0.022476,3.5E-05,8.486713,0.495731,0.402599,3.366008
6.219209,0.89897,0.022477,3.5E-05,8.48011,0.494003,0.400943,3.359349
6.214806,0.895523,0.022434,3.5E-05,8.485704,0.493969,0.399233,3.360694
6.210829,0.891816,0.02233,3.4E-05,8.488079,0.499504,0.397504,3.359813
6.199632,0.889766,0.022328,3.4E-05,8.503555,0.499541,0.396201,3.356682
6.204516,0.887975,0.022249,3.4E-05,8.504879,0.49726,0.396082,3.354288
6.200364,0.885205,0.022246,3.4E-05,8.496314,0.497251,0.397198,3.347169
6.211995,0.883243,0.022244,3.4E-05,8.48898,0.495997,0.39463,3.337904
6.227182,0.884831,0.022248,3.4E-05,8.476665,0.495862,0.394623,3.32831
6.220392,0.887092,0.022249,3.4E-05,8.446674,0.49527,0.394362,3.339682
6.215559,0.887014,0.022714,3.4E-05,8.430464,0.495497,0.39366,3.351128
6.19914,0.878275,0.022715,3.4E-05,8.438397,0.496406,0.39207,3.343257
6.175917,0.876823,0.02268,3.3E-05,8.415622,0.495821,0.391467,3.336236
6.135918,0.874559,0.022637,3.3E-05,8.407832,0.49404,0.391055,3.317788
6.121785,0.874041,0.022595,3.3E-05,8.404405,0.492679,0.388471,3.306073
6.117133,0.872883,0.022556,3.3E-05,8.391888,0.488178,0.387478,3.301158
6.102697,0.88418,0.023094,3.3E-05,8.369084,0.487887,0.387442,3.291135
6.101182,0.879414,0.023033,3.3E-05,8.341084,0.485699,0.386461,3.285125
6.096598,0.878737,0.022381,3.3E-05,8.330733,0.485688,0.3855,3.287598
6.105638,0.881092,0.022283,3.3E-05,8.329237,0.485667,0.38553,3.291167
6.106079,0.879346,0.022281,3.3E-05,8.324609,0.487372,0.383175,3.281103
6.094691,0.881611,0.02105,3.3E-05,8.310975,0.483423,0.381535,3.283706
6.091193,0.881376,0.02145,3.3E-05,8.293188,0.486815,0.384595,3.285797
6.095872,0.884957,0.021489,3.3E-05,8.284697,0.485705,0.385313,3.286221
6.105495,0.88991,0.021493,3.3E-05,8.270674,0.485647,0.385426,3.284242
6.101966,0.891183,0.021495,3.3E-05,8.236278,0.482753,0.385515,3.278457
6.080157,0.888156,0.021497,3.3E-05,8.191272,0.482313,0.385554,3.281548
6.067362,0.886679,0.021497,3.3E-05,8.147873,0.487188,0.385546,3.274979
6.045922,0.893029,0.021494,3.3E-05,8.119006,0.486405,0.384788,3.269424
6.046895,0.8884,0.021068,3.3E-05,8.101887,0.486692,0.378119,3.266187
6.037371,0.892036,0.021029,3.3E-05,8.093364,0.486733,0.380919,3.262151
6.041963,0.892374,0.021029,3.3E-05,8.071712,0.488428,0.380751,3.261041
6.041069,0.892822,0.021031,3.3E-05,8.048992,0.488223,0.386195,3.26773
6.034137,0.895963,0.021032,3.3E-05,8.033268,0.484481,0.38701,3.271923
6.03889,0.895392,0.021029,3.3E-05,8.008236,0.485486,0.38697,3.267163
6.026598,0.895164,0.021026,3.3E-05,8.003139,0.487128,0.38694,3.264293
6.013938,0.893237,0.021027,3.3E-05,8.001981,0.487207,0.38411,3.262699
5.993514,0.896818,0.021026,3.3E-05,8.001936,0.487703,0.384174,3.26315
5.971214,0.893232,0.021019,3.3E-05,8.001311,0.487648,0.384307,3.260241
5.964656,0.892988,0.021017,3.4E-05,8.002748,0.486257,0.38555,3.245441
5.967121,0.893167,0.020592,3.4E-05,7.997354,0.48708,0.385067,3.235123
5.971187,0.894484,0.021006,3.4E-05,7.965642,0.483446,0.388737,3.231368
5.976271,0.896342,0.021004,3.4E-05,7.984483,0.485625,0.387857,3.246104
5.9955,0.899146,0.021007,3.4E-05,7.984601,0.490426,0.39036,3.259
5.996727,0.897596,0.021006,3.4E-05,7.975671,0.491317,0.393368,3.259271
5.983647,0.900813,0.021007,3.3E-05,7.960538,0.491249,0.393399,3.253443
5.982332,0.886742,0.020432,3.3E-05,7.958786,0.490642,0.39346,3.249732
5.962428,0.882686,0.020429,3.3E-05,7.981031,0.490423,0.393979,3.249677
5.952758,0.882754,0.020432,3.3E-05,7.987832,0.490333,0.392452,3.245179
5.926669,0.882128,0.020432,3.4E-05,7.978836,0.496303,0.392384,3.237233
5.908951,0.882172,0.020431,3.4E-05,7.970496,0.494644,0.392425,3.23318
5.904891,0.880846,0.020428,3.4E-05,7.958652,0.494454,0.392421,3.213309
5.898198,0.881847,0.020413,3.4E-05,7.948633,0.483994,0.389308,3.206787
5.891411,0.877826,0.020371,3.4E-05,7.930851,0.484338,0.388575,3.198225
5.893307,0.876778,0.020369,3.4E-05,7.908521,0.484065,0.387313,3.198029
5.888391,0.873793,0.020407,3.5E-05,7.90079,0.483959,0.387174,3.199394
5.894432,0.870577,0.020446,3.5E-05,7.916794,0.483814,0.390129,3.190157
5.906778,0.870402,0.020443,3.4E-05,7.925044,0.478345,0.390099,3.190153
5.900871,0.861268,0.020532,3.5E-05,7.926256,0.479459,0.391274,3.198013
5.885275,0.861852,0.020529,3.5E-05,7.93011,0.478457,0.38888,3.205467
5.886072,0.856096,0.020526,3.5E-05,7.921056,0.480706,0.396464,3.212523
5.878859,0.855543,0.020524,3.5E-05,7.939246,0.480585,0.396495,3.212941
5.880075,0.854874,0.020522,3.5E-05,7.952627,0.482337,0.391149,3.20192
5.890599,0.854302,0.02052,3.5E-05,7.970065,0.480441,0.390475,3.193492
5.896228,0.853912,0.02052,3.5E-05,7.985143,0.479406,0.393983,3.192208
5.898736,0.856166,0.02052,3.4E-05,7.9943,0.477854,0.393956,3.192716
5.921964,0.857251,0.020559,3.4E-05,7.991569,0.477941,0.393946,3.19317
5.942671,0.857995,0.020566,3.4E-05,7.986639,0.4773,0.395896,3.196697
5.968345,0.862431,0.020567,3.4E-05,7.975439,0.477198,0.395815,3.203365
5.972185,0.860671,0.020568,3.4E-05,7.968246,0.481277,0.396379,3.209573
5.968782,0.858608,0.020526,3.4E-05,7.968844,0.480285,0.395642,3.223895
5.963902,0.859129,0.020181,3.4E-05,7.964952,0.489323,0.396239,3.224433
5.949675,0.857282,0.02018,3.5E-05,7.955917,0.488615,0.395724,3.210766
5.941146,0.855851,0.020218,3.5E-05,7.965261,0.483656,0.393017,3.197784
5.94169,0.856076,0.020227,3.5E-05,7.969705,0.482675,0.391134,3.193707
5.95985,0.858404,0.020729,3.5E-05,7.988937,0.482823,0.391153,3.198524
5.986131,0.860276,0.020773,3.6E-05,7.99628,0.480998,0.391117,3.200754
6.008507,0.860389,0.020775,3.5E-05,7.981185,0.481437,0.390673,3.203306
6.035535,0.877694,0.020817,3.6E-05,7.987439,0.484337,0.392326,3.211068
6.037037,0.877495,0.020819,3.5E-05,7.997435,0.478505,0.392386,3.23743
6.034392,0.877258,0.02082,3.5E-05,8.018707,0.484284,0.392913,3.242139
6.038099,0.879224,0.020819,3.5E-05,8.044476,0.48466,0.395337,3.244367
6.031411,0.874694,0.020396,3.5E-05,8.068114,0.489203,0.393743,3.246366
6.02326,0.876667,0.020408,3.5E-05,8.095507,0.488108,0.393848,3.247345
6.021637,0.879586,0.020412,3.5E-05,8.104832,0.488432,0.393957,3.243439
6.019654,0.881058,0.020371,3.4E-05,8.124317,0.49294,0.393981,3.240059
6.029751,0.87977,0.020331,3.4E-05,8.124991,0.491959,0.390949,3.237074
6.035182,0.882886,0.020331,3.4E-05,8.125956,0.491951,0.390973,3.234624
6.058371,0.884742,0.020281,3.5E-05,8.123598,0.490821,0.389794,3.226146
6.08019,0.884224,0.02028,3.5E-05,8.119635,0.490313,0.389301,3.214741
6.080331,0.88673,0.02038,3.5E-05,8.113605,0.487917,0.378892,3.219408
6.080491,0.889259,0.020382,3.5E-05,8.105124,0.486286,0.37905,3.237681
6.081994,0.889786,0.020384,3.5E-05,8.097385,0.490468,0.385119,3.242999
6.078133,0.891953,0.020388,3.5E-05,8.095081,0.490523,0.384899,3.245122
6.065803,0.89268,0.020389,3.5E-05,8.103576,0.49346,0.382191,3.250183
6.065122,0.890486,0.020392,3.5E-05,8.104547,0.495331,0.382258,3.250331
6.047249,0.890395,0.020401,3.6E-05,8.119089,0.49529,0.382283,3.250524
6.03957,0.887714,0.020404,3.5E-05,8.114926,0.496605,0.380257,3.245265
6.038745,0.885764,0.020406,3.6E-05,8.116055,0.496575,0.380257,3.238498
6.063981,0.88683,0.020405,3.6E-05,8.121554,0.492464,0.378517,3.228181
6.084752,0.889006,0.020408,3.6E-05,8.118073,0.492244,0.378508,3.208964
6.086093,0.88692,0.020336,3.5E-05,8.115741,0.483035,0.373113,3.221808
6.086351,0.887189,0.020336,3.5E-05,8.100981,0.482505,0.373091,3.235513
6.078723,0.885707,0.020446,3.5E-05,8.091874,0.484932,0.373031,3.235718
6.074541,0.886362,0.020438,3.5E-05,8.093418,0.484749,0.373859,3.241066
6.057697,0.879185,0.019939,3.5E-05,8.090625,0.484499,0.373863,3.238135
6.028436,0.878318,0.019894,3.4E-05,8.092094,0.48435,0.376627,3.235835
6.009685,0.879985,0.019894,3.5E-05,8.112398,0.483936,0.376649,3.235149
5.977263,0.879056,0.019851,3.4E-05,8.113949,0.482549,0.376373,3.227478
5.998238,0.878856,0.01989,3.4E-05,8.112955,0.482263,0.376307,3.201239
6.019288,0.878861,0.019892,3.4E-05,8.091467,0.476114,0.375904,3.20048
6.029068,0.874215,0.019892,3.5E-05,8.07745,0.475747,0.373494,3.204545
6.039325,0.876209,0.01989,3.5E-05,8.061591,0.471091,0.373432,3.200809
6.066575,0.876262,0.019921,3.4E-05,8.040021,0.471629,0.373382,3.199659
6.055911,0.869272,0.019915,3.4E-05,8.028821,0.471659,0.373269,3.216213
6.052376,0.866132,0.019916,3.5E-05,8.014686,0.467027,0.374826,3.232679
6.030044,0.865638,0.019927,3.5E-05,8.018415,0.473842,0.374921,3.240194
6.015057,0.862458,0.019926,3.5E-05,8.034871,0.4739,0.376937,3.244191
5.989808,0.860549,0.019889,3.5E-05,8.060856,0.473943,0.376943,3.23795
5.970903,0.861741,0.019894,3.5E-05,8.081181,0.473934,0.376944,3.235924
5.969296,0.859396,0.019794,3.5E-05,8.111211,0.47394,0.376987,3.22711
5.972667,0.867665,0.01979,3.4E-05,8.120609,0.474003,0.376985,3.204784
5.990932,0.867261,0.01979,3.5E-05,8.122223,0.467975,0.371057,3.201726
6.007939,0.862279,0.01979,3.4E-05,8.103702,0.467834,0.372342,3.202617
6.028496,0.862941,0.019829,3.5E-05,8.079049,0.464728,0.371484,3.19728
6.056543,0.86241,0.01983,3.5E-05,8.052341,0.462421,0.371551,3.202329
6.05207,0.862042,0.019783,3.4E-05,8.038321,0.462125,0.371582,3.219155
6.04287,0.860198,0.019778,3.5E-05,8.04558,0.46124,0.374184,3.237431
6.021224,0.857386,0.019777,3.4E-05,8.051482,0.467015,0.374152,3.242608
5.997797,0.854464,0.019778,3.4E-05,8.067067,0.468153,0.374131,3.245265
5.978405,0.852076,0.019779,3.4E-05,8.086097,0.468086,0.374138,3.245373
5.978632,0.851285,0.019782,3.3E-05,8.102238,0.469491,0.374004,3.234989
5.975653,0.85092,0.019778,3.3E-05,8.118113,0.468037,0.374114,3.218984
5.991261,0.851415,0.019626,3.3E-05,8.097406,0.468085,0.373995,3.218891
6.016378,0.851409,0.019625,3.3E-05,8.076854,0.467914,0.372048,3.218101
6.036761,0.852987,0.019624,3.3E-05,8.057238,0.467596,0.372015,3.21515
6.061257,0.85229,0.019625,3.3E-05,8.039001,0.46748,0.369181,3.21642
6.071332,0.850006,0.019625,3.3E-05,8.019348,0.468647,0.3693,3.217201
6.071212,0.832995,0.019624,3.3E-05,8.012608,0.466807,0.368003,3.232913
6.053674,0.831658,0.019592,3.3E-05,8.010113,0.470089,0.375024,3.238474
6.038308,0.831255,0.019592,3.3E-05,8.02632,0.4774,0.374872,3.239547
6.03113,0.831208,0.019593,3.3E-05,8.042711,0.477236,0.376829,3.23614
6.025078,0.830643,0.019594,3.3E-05,8.068168,0.477154,0.376851,3.236838
6.00386,0.828762,0.019551,3.3E-05,8.089184,0.478092,0.378017,3.239742
6.00473,0.830313,0.019549,3.3E-05,8.11613,0.47773,0.378233,3.222193
6.00931,0.845222,0.019585,3.3E-05,8.118729,0.47795,0.377996,3.200271
6.03248,0.848442,0.019571,3.3E-05,8.115498,0.471127,0.377922,3.197604
6.047046,0.848659,0.019572,3.3E-05,8.10535,0.472288,0.375903,3.191399
6.078912,0.850926,0.01957,3.3E-05,8.092334,0.472225,0.375916,3.203887
6.095113,0.849497,0.019568,3.3E-05,8.080826,0.474054,0.376345,3.207277
6.091204,0.850997,0.019568,3.3E-05,8.063727,0.473893,0.376323,3.217828
6.097633,0.84073,0.01957,3.3E-05,8.050683,0.480902,0.381572,3.225164
6.076677,0.843304,0.01961,3.3E-05,8.056327,0.480987,0.381258,3.223562
6.056714,0.843768,0.01961,3.3E-05,8.08134,0.481079,0.380156,3.219433
6.045794,0.843397,0.020125,3.3E-05,8.087998,0.481032,0.380217,3.226522
6.0163,0.845311,0.020247,3.3E-05,8.114718,0.481308,0.380123,3.221531
6.011075,0.845756,0.020246,3.3E-05,8.121261,0.483389,0.380115,3.202946
6.013892,0.856713,0.020241,3.3E-05,8.116677,0.484295,0.377515,3.191958
6.031442,0.85892,0.02024,3.3E-05,8.117896,0.478451,0.377483,3.189456
6.053437,0.865008,0.020238,3.4E-05,8.108083,0.477784,0.377477,3.185389
6.064546,0.865829,0.020237,3.4E-05,8.086019,0.47786,0.377542,3.191633
6.059689,0.866151,0.020236,3.5E-05,8.065919,0.476645,0.37758,3.191369
6.056027,0.869806,0.020238,3.5E-05,8.048135,0.476664,0.377466,3.202133
6.047748,0.869152,0.02024,3.5E-05,8.044516,0.475405,0.378478,3.219116
6.019854,0.867206,0.020239,3.5E-05,8.056147,0.478513,0.378434,3.214583
5.998095,0.86774,0.020239,3.5E-05,8.06178,0.478591,0.378429,3.214195
5.978035,0.868793,0.020248,3.5E-05,8.072364,0.480061,0.379085,3.216148
5.961263,0.868871,0.02025,3.5E-05,8.079016,0.479269,0.378921,3.211577
5.955369,0.869804,0.020252,3.5E-05,8.088695,0.479629,0.378864,3.193861
5.958631,0.86845,0.020871,3.5E-05,8.093586,0.476348,0.371877,3.193528
5.948123,0.870253,0.020875,3.5E-05,8.091668,0.469298,0.371994,3.190813
5.941637,0.884804,0.02094,3.5E-05,8.078665,0.469531,0.37013,3.188495
5.95546,0.885206,0.020939,3.5E-05,8.047148,0.471519,0.370099,3.185096
5.967332,0.887152,0.020942,3.5E-05,8.034156,0.469731,0.36892,3.18233
5.990431,0.885778,0.020946,3.5E-05,8.016074,0.472669,0.36874,3.186363
5.997057,0.872106,0.020911,3.5E-05,8.009321,0.473168,0.371283,3.189942
5.985335,0.870177,0.020913,3.5E-05,8.010913,0.474987,0.371284,3.190588
5.965795,0.870056,0.020912,3.4E-05,8.008976,0.473667,0.371257,3.203782
5.935528,0.867618,0.020912,3.4E-05,7.998945,0.473494,0.372435,3.20598
5.911281,0.868665,0.020913,3.4E-05,7.997338,0.473917,0.377425,3.208207
5.910218,0.872578,0.020912,3.4E-05,8.006239,0.474483,0.377444,3.195092
5.904099,0.871942,0.020912,3.4E-05,8.021616,0.46953,0.372031,3.192802
5.904626,0.869156,0.020872,3.4E-05,8.020585,0.46938,0.372058,3.190336
5.905184,0.87529,0.020874,3.4E-05,8.005988,0.469391,0.372077,3.19026
5.906486,0.873958,0.020321,3.4E-05,8.006656,0.469465,0.372256,3.188833
5.902423,0.885602,0.020684,3.4E-05,7.993303,0.469153,0.374602,3.189849
5.927068,0.88752,0.020725,3.4E-05,7.984719,0.467083,0.374556,3.202117
5.92528,0.878428,0.020778,3.4E-05,7.989299,0.469211,0.379009,3.200004
5.908046,0.876036,0.02078,3.4E-05,7.999858,0.469365,0.38051,3.204376
5.884345,0.87009,0.02078,3.4E-05,7.99542,0.468833,0.382869,3.210689
5.865394,0.870781,0.020781,3.3E-05,8.005257,0.468816,0.382759,3.20964
5.861663,0.87067,0.020785,3.3E-05,8.018183,0.470488,0.383818,3.206236
5.865206,0.870269,0.020789,3.3E-05,8.020693,0.470518,0.38385,3.198704
5.855554,0.869779,0.020785,3.3E-05,8.035996,0.470246,0.382938,3.180614
5.854823,0.869803,0.020784,3.3E-05,8.038912,0.468228,0.383776,3.183214
5.860298,0.870987,0.021313,3.3E-05,8.037586,0.468256,0.383775,3.186048
5.859739,0.869243,0.021949,3.3E-05,8.037102,0.466664,0.383243,3.184141
5.860235,0.871396,0.021949,3.3E-05,8.033495,0.466243,0.383239,3.183509
5.889109,0.870538,0.021949,3.4E-05,8.019815,0.465977,0.383214,3.183288
5.905937,0.873289,0.021323,3.3E-05,8.014149,0.465786,0.383236,3.181853
5.932479,0.872966,0.021323,3.3E-05,8.003057,0.466852,0.383208,3.186475
5.956543,0.861351,0.021257,3.3E-05,8.005779,0.466758,0.384773,3.193806
5.936022,0.859687,0.021253,3.3E-05,8.018551,0.465948,0.385375,3.206673
5.920587,0.859444,0.021256,3.3E-05,8.020419,0.465682,0.385346,3.227086
5.900459,0.85961,0.021253,3.3E-05,8.032728,0.475417,0.391007,3.230475
5.88664,0.859898,0.021251,3.3E-05,8.064962,0.474746,0.387221,3.231842
5.879876,0.863273,0.021254,3.3E-05,8.077663,0.472801,0.387291,3.226415
5.882294,0.866125,0.021254,3.3E-05,8.092879,0.473084,0.389286,3.215005
5.889768,0.866571,0.021253,3.3E-05,8.120254,0.47324,0.388124,3.201521
5.917769,0.879181,0.021255,3.3E-05,8.119901,0.47247,0.382717,3.196835
5.949281,0.877086,0.021257,3.3E-05,8.109678,0.472093,0.382812,3.195305
5.966232,0.879646,0.021256,3.3E-05,8.103481,0.470031,0.383105,3.195141
5.992503,0.880493,0.021258,3.3E-05,8.09963,0.473025,0.383077,3.204719
5.998123,0.875565,0.021297,3.3E-05,8.102324,0.473151,0.382901,3.230518
5.994878,0.879671,0.021294,3.3E-05,8.104013,0.482012,0.389585,3.225518
6.007952,0.871329,0.020852,3.3E-05,8.127493,0.483507,0.387265,3.22463
5.987073,0.872387,0.020812,3.3E-05,8.152564,0.483698,0.387392,3.217987
5.985024,0.871034,0.020762,3.3E-05,8.176533,0.480652,0.382985,3.21564
6.000037,0.883138,0.020805,3.4E-05,8.163137,0.48062,0.38179,3.209911
6.028817,0.885389,0.020804,3.4E-05,8.169324,0.480641,0.379453,3.228677
6.059464,0.88777,0.02081,3.4E-05,8.180343,0.482806,0.381686,3.232201
6.070851,0.888239,0.020807,3.4E-05,8.199141,0.482593,0.380694,3.256317
6.079337,0.890051,0.020852,3.4E-05,8.233,0.483032,0.383546,3.255501
6.090487,0.892441,0.020893,3.5E-05,8.259607,0.482003,0.383508,3.257434
6.115422,0.893926,0.020898,3.5E-05,8.273729,0.48111,0.382706,3.261016
6.119873,0.907244,0.020368,3.5E-05,8.278778,0.483072,0.382745,3.258079
6.147764,0.913561,0.019723,3.5E-05,8.274382,0.483074,0.382766,3.256868
6.168975,0.913116,0.01976,3.4E-05,8.271835,0.483231,0.382769,3.264888
6.165001,0.913278,0.019856,3.4E-05,8.278901,0.483354,0.382785,3.270555
6.145975,0.912177,0.019854,3.4E-05,8.287486,0.483578,0.382744,3.291003
6.127882,0.911102,0.01985,3.4E-05,8.288914,0.482294,0.384721,3.292894
6.103398,0.908108,0.01985,3.4E-05,8.308874,0.485025,0.383916,3.291611
6.110596,0.910958,0.019853,3.4E-05,8.330465,0.485635,0.383395,3.280049
6.117528,0.909005,0.019852,3.4E-05,8.336059,0.48922,0.385324,3.263241
6.111854,0.90834,0.019853,3.4E-05,8.342489,0.476621,0.38132,3.256986
6.121635,0.909664,0.019857,3.4E-05,8.328533,0.476545,0.381307,3.25261
6.124931,0.922672,0.019894,3.4E-05,8.315425,0.480014,0.38128,3.25167
6.139574,0.921077,0.019932,3.4E-05,8.30341,0.479738,0.379305,3.251388
6.1442,0.923129,0.01993,3.4E-05,8.274233,0.47956,0.379285,3.250115
6.151273,0.910531,0.019967,3.4E-05,8.271077,0.482392,0.379265,3.248443
6.141411,0.908402,0.019965,3.4E-05,8.274704,0.483481,0.379175,3.255028
6.12243,0.905851,0.019963,3.4E-05,8.263659,0.484411,0.378831,3.267137
6.094437,0.905153,0.019969,3.4E-05,8.254125,0.481553,0.378835,3.271165
6.082505,0.903342,0.019927,3.4E-05,8.253607,0.484702,0.37886,3.246798
6.076155,0.899487,0.019929,3.4E-05,8.249366,0.475594,0.372032,3.254811
6.061542,0.894024,0.019886,3.4E-05,8.236104,0.474888,0.37197,3.256627
6.055081,0.892247,0.019888,3.4E-05,8.224126,0.474764,0.373718,3.254729
6.048469,0.893288,0.019887,3.4E-05,8.212171,0.474228,0.373693,3.256471
6.024041,0.881338,0.019846,3.4E-05,8.225155,0.474248,0.373624,3.255181
5.99528,0.89237,0.020954,3.4E-05,8.224732,0.476954,0.373606,3.231781
6.073344,0.888791,0.020948,3.4E-05,8.210819,0.474761,0.371407,3.221045
6.092059,0.888321,0.020952,3.4E-05,8.185388,0.472968,0.371434,3.193555
6.084612,0.881726,0.020902,3.3E-05,8.139576,0.472508,0.368735,3.199986
6.072578,0.880809,0.020864,3.3E-05,8.104657,0.475082,0.368686,3.21436
6.05066,0.879189,0.020861,3.3E-05,8.079913,0.483356,0.371762,3.216246
6.045847,0.862286,0.020864,3.3E-05,8.072596,0.481326,0.376744,3.217458
6.015006,0.855873,0.020869,3.3E-05,8.081598,0.482746,0.376658,3.219089
5.994537,0.85404,0.02083,3.3E-05,8.09806,0.482232,0.376725,3.213955
5.975884,0.85392,0.020733,3.3E-05,8.107418,0.482086,0.378429,3.209977
5.971487,0.85224,0.020742,3.3E-05,8.119617,0.484957,0.378468,3.186225
5.962067,0.863059,0.020745,3.3E-05,8.125258,0.48676,0.376416,3.178458
5.980745,0.863496,0.020745,3.3E-05,8.104975,0.483959,0.37556,3.171882
6.066184,0.860648,0.020746,3.3E-05,8.089414,0.482265,0.375483,3.17055
6.091809,0.863513,0.020785,3.3E-05,8.079487,0.478726,0.376586,3.168993
6.090235,0.867253,0.020789,3.4E-05,8.06228,0.478618,0.374894,3.181863
6.087759,0.864649,0.020786,3.4E-05,8.054682,0.478962,0.374869,3.192233
6.081738,0.850692,0.020748,3.4E-05,8.053313,0.478339,0.374923,3.198503
6.063825,0.851247,0.02071,3.3E-05,8.060699,0.480078,0.374922,3.204996
6.053221,0.850843,0.020713,3.3E-05,8.082188,0.480311,0.379015,3.207976
6.026992,0.850809,0.020675,3.3E-05,8.094845,0.476073,0.379015,3.207335
6.009472,0.851556,0.020675,3.3E-05,8.098683,0.475482,0.379015,3.205967
6.007892,0.852198,0.020679,3.3E-05,8.117429,0.474698,0.379082,3.191977
6.020167,0.85253,0.02067,3.3E-05,8.119911,0.478311,0.37937,3.179627
6.130745,0.853119,0.02067,3.3E-05,8.115944,0.475179,0.379419,3.179074
6.15371,0.853732,0.020671,3.3E-05,8.111083,0.475383,0.379469,3.170887
6.158805,0.855064,0.020668,3.3E-05,8.100834,0.474807,0.379583,3.18163
6.163367,0.857355,0.020664,3.3E-05,8.087153,0.474894,0.377714,3.190914
6.169825,0.859472,0.020673,3.3E-05,8.080026,0.475218,0.377732,3.188191
6.181048,0.86009,0.020674,3.3E-05,8.08634,0.477121,0.377574,3.195452
6.186483,0.847412,0.019569,3.3E-05,8.091761,0.47456,0.377767,3.198376
6.084103,0.848027,0.019567,3.3E-05,8.094654,0.475519,0.37833,3.198796
6.05619,0.848447,0.019564,3.3E-05,8.11115,0.475807,0.37831,3.202843
6.057244,0.860764,0.019599,3.3E-05,8.125386,0.477255,0.378122,3.196603
6.156425,0.860035,0.019596,3.3E-05,8.130053,0.475783,0.378201,3.18023
6.180427,0.860608,0.019599,3.3E-05,8.131841,0.467331,0.375158,3.174311
6.178426,0.860794,0.019593,3.3E-05,8.128898,0.46738,0.370121,3.18129
6.184098,0.862677,0.019583,3.3E-05,8.119851,0.468106,0.370151,3.190089
6.185243,0.863028,0.019583,3.3E-05,8.108911,0.475734,0.37184,3.190996
6.190044,0.86462,0.019583,3.2E-05,8.094819,0.475891,0.370131,3.187873
6.188275,0.864583,0.019574,3.2E-05,8.070409,0.472943,0.371327,3.19021
6.194707,0.853667,0.019573,3.2E-05,8.069464,0.472451,0.371303,3.191255
6.177908,0.854545,0.019575,3.2E-05,8.075954,0.472491,0.371305,3.194165
6.08878,0.854537,0.019573,3.2E-05,8.097083,0.47487,0.371379,3.204622
6.054338,0.861255,0.019544,3.2E-05,8.102645,0.475055,0.368482,3.20204
6.064397,0.86983,0.019542,3.2E-05,8.099709,0.476421,0.368981,3.194583
6.155924,0.869513,0.019541,3.2E-05,8.102418,0.479019,0.368999,3.187333
6.184787,0.866105,0.019539,3.2E-05,8.104033,0.476038,0.370322,3.181407
6.336649,0.880821,0.019783,3.2E-05,8.166356,0.474531,0.370364,3.17348
