5.963658,8.038468,0.023238,3.2E-05,6.602067,0.497662,3.278755
5.944992,8.018922,0.021996,3.2E-05,6.841172,0.494969,3.272283
5.972231,7.992541,0.02127,3.2E-05,7.085144,0.492192,3.26881
5.97438,7.963886,0.021239,3.2E-05,7.323603,0.49037,3.260163
5.992711,7.934597,0.021172,3.2E-05,7.554256,0.491101,3.253751
5.995577,7.905196,0.021128,3.2E-05,7.818252,0.490588,3.251781
5.985204,7.924002,0.021176,3.2E-05,8.070617,0.490661,3.250365
5.995459,7.926592,0.021178,3.2E-05,8.084338,0.494104,3.252095
5.978844,7.890062,0.02096,3.1E-05,8.056643,0.478793,3.226261
5.962229,7.867991,0.020861,3.1E-05,8.044871,0.470749,3.211265
5.98056,7.85366,0.020796,3.1E-05,8.022672,0.469048,3.212949
5.9662,7.852644,0.020817,3.1E-05,8.009352,0.468631,3.208493
5.962865,7.858363,0.020822,3.1E-05,8.004691,0.468096,3.210311
5.964654,7.833347,0.020799,3.1E-05,8.021651,0.467639,3.205699
5.951418,7.860535,0.02087,3.1E-05,8.016458,0.467332,3.202788
5.972792,7.864426,0.020867,3.1E-05,7.995028,0.468615,3.202811
5.971788,7.830965,0.020861,3.1E-05,8.02323,0.468959,3.195134
5.947389,7.842696,0.020849,3.1E-05,8.034288,0.466278,3.191463
5.969603,7.843422,0.02084,3.1E-05,8.028666,0.468145,3.189507
5.963502,7.838907,0.020855,3.1E-05,8.037334,0.470096,3.179043
5.962751,7.839477,0.020861,3.1E-05,8.025532,0.469907,3.176734
5.959457,7.823305,0.020818,3.1E-05,8.036408,0.469819,3.176177
5.934628,7.843817,0.020825,3.1E-05,8.02945,0.46818,3.170996
5.963922,7.840788,0.02077,3.1E-05,8.006748,0.469259,3.167555
5.964922,7.814945,0.020757,3.1E-05,8.006679,0.467967,3.159398
5.944273,7.826517,0.020939,3.1E-05,8.008734,0.479842,3.191826
5.934271,7.799333,0.020919,3.1E-05,8.019048,0.479785,3.162405
5.904027,7.821183,0.020405,3.1E-05,8.018028,0.481105,3.164515
5.925682,7.809567,0.020325,3.1E-05,8.019866,0.481238,3.158369
5.90612,7.80464,0.020327,3.1E-05,8.029922,0.48123,3.145883
5.910086,7.820236,0.019883,3.1E-05,8.010484,0.480958,3.143606
5.92314,7.811799,0.019885,3E-05,8.007787,0.48109,3.14874
5.905405,7.819961,0.019899,3E-05,8.009818,0.481086,3.1443
5.923545,7.814303,0.019875,3E-05,8.028265,0.48114,3.14491
5.898529,7.820654,0.019882,3E-05,8.059199,0.479777,3.143933
5.900551,7.840329,0.020141,3E-05,8.042382,0.479461,3.140133
5.905722,7.811296,0.020093,3E-05,8.077765,0.479559,3.142495
5.885375,7.82819,0.020094,3E-05,8.089191,0.477922,3.14071
5.907123,7.841368,0.020098,3E-05,8.088111,0.477695,3.139556
5.907609,7.830411,0.02015,3E-05,8.114951,0.477713,3.142656
5.899649,7.846724,0.020151,3E-05,8.133615,0.477755,3.139864
5.901874,7.835335,0.020114,3E-05,8.170374,0.477562,3.147747
5.88971,7.859954,0.020117,3E-05,8.194312,0.4773,3.147148
5.90894,7.871657,0.020117,3E-05,8.196237,0.476987,3.148124
5.919806,7.861526,0.020072,3E-05,8.198385,0.477352,3.151097
5.913005,7.869172,0.020079,2.9E-05,8.211213,0.47539,3.153917
5.918303,7.869982,0.02008,2.9E-05,8.221068,0.477693,3.154921
5.924174,7.866662,0.020076,3E-05,8.225245,0.477568,3.157019
5.921958,7.870448,0.020077,3E-05,8.22941,0.475442,3.154887
5.923423,7.859017,0.020106,3E-05,8.241488,0.473255,3.155596
5.922254,7.872622,0.020117,3E-05,8.262623,0.477583,3.161332
5.928246,7.872272,0.020122,3E-05,8.290145,0.479304,3.188704
5.945526,7.876485,0.020236,3E-05,8.295211,0.479484,3.192425
5.918719,7.87881,0.020236,3E-05,8.303047,0.480834,3.191269
5.916467,7.907049,0.020263,3E-05,8.277989,0.481006,3.192037
5.938325,7.892091,0.020082,3E-05,8.269742,0.47089,3.159761
5.952008,7.89736,0.020078,3E-05,8.265781,0.470915,3.163297
5.958207,7.89156,0.02006,3E-05,8.262758,0.469618,3.16914
5.960558,7.901155,0.02008,3E-05,8.261424,0.47026,3.167642
5.96996,7.913783,0.020085,3E-05,8.243073,0.470336,3.175903
5.988542,7.902486,0.020101,3E-05,8.240231,0.47094,3.175546
5.973321,7.898397,0.020083,3E-05,8.258908,0.471088,3.174405
5.971742,7.895827,0.020068,3.1E-05,8.272688,0.472861,3.175055
5.971667,7.910519,0.020072,3.1E-05,8.300627,0.474061,3.188545
5.995259,7.928065,0.020074,3.1E-05,8.289766,0.476328,3.19674
6.009539,7.924523,0.019858,3.1E-05,8.302312,0.47642,3.20498
6.019666,7.953693,0.01986,3.1E-05,8.287044,0.478138,3.209923
6.04288,7.948412,0.019875,3.1E-05,8.275736,0.480694,3.211317
6.033243,7.971229,0.019876,3.1E-05,8.288882,0.483271,3.218094
6.051482,7.982162,0.019839,3.1E-05,8.289496,0.485179,3.221524
6.044657,7.981581,0.019852,3.1E-05,8.2755,0.490131,3.227931
6.069714,7.997522,0.019874,3.1E-05,8.269102,0.492238,3.229502
6.078627,7.997766,0.01994,3.2E-05,8.25624,0.492535,3.23417
6.079009,7.986268,0.019944,3.2E-05,8.247231,0.498579,3.231622
6.072948,7.975931,0.019918,3.2E-05,8.249814,0.499367,3.230046
6.058375,7.996389,0.019917,3.2E-05,8.244923,0.499566,3.22905
6.074252,7.99558,0.019917,3.2E-05,8.233077,0.497948,3.226279
6.06947,8.018699,0.020354,3.3E-05,8.246915,0.499333,3.227172
6.065038,8.014673,0.02035,3.3E-05,8.234584,0.499528,3.234499
6.06759,8.01708,0.020856,3.3E-05,8.244143,0.499815,3.232329
6.066246,8.019057,0.020841,3.3E-05,8.238178,0.495576,3.23129
6.082847,8.021025,0.020999,3.3E-05,8.200937,0.493646,3.203326
6.058087,7.999259,0.020883,3.3E-05,8.224349,0.494506,3.208847
6.070799,8.022977,0.020894,3.2E-05,8.219982,0.494114,3.211589
6.071477,7.992797,0.020881,3.2E-05,8.235212,0.494121,3.208834
6.050735,8.017057,0.020884,3.3E-05,8.227467,0.492383,3.215866
6.063498,8.018269,0.020885,3.2E-05,8.21598,0.492098,3.210719
6.059503,8.000544,0.020872,3.2E-05,8.227054,0.491867,3.200754
6.043742,8.004035,0.020849,3.2E-05,8.224514,0.492369,3.200409
6.033924,7.990377,0.020854,3.2E-05,8.251679,0.492159,3.196433
6.014057,8.008317,0.020845,3.2E-05,8.244022,0.491511,3.207101
6.027428,7.997198,0.020844,3.2E-05,8.233672,0.491474,3.199956
6.025915,7.993781,0.020898,3.2E-05,8.230745,0.490079,3.200925
6.036638,7.979316,0.020891,3.2E-05,8.195738,0.488798,3.18932
6.01705,7.954752,0.020892,3.2E-05,8.204522,0.486716,3.182164
6.005814,7.955254,0.020847,3.2E-05,8.19608,0.486656,3.175775
6.039293,7.923449,0.020844,3.2E-05,8.202703,0.485158,3.165677
6.022186,7.931945,0.020832,3.2E-05,8.215677,0.484048,3.171578
6.033062,7.905972,0.020832,3.2E-05,8.203761,0.481857,3.168776
6.01394,7.917733,0.020888,3.2E-05,8.195521,0.481984,3.159922
6.036788,7.903114,0.02087,3.2E-05,8.21194,0.477108,3.15623
6.014464,7.880519,0.020866,3.2E-05,8.220416,0.475675,3.149567
6.012191,7.880333,0.020793,3.2E-05,8.218218,0.476744,3.155273
5.993697,7.878664,0.020792,3.2E-05,8.260843,0.471767,3.157021
6.000768,7.896928,0.020797,3.2E-05,8.265375,0.470354,3.161735
6.016196,7.869795,0.020842,3.2E-05,8.275016,0.4721,3.159555
5.996568,7.907144,0.021345,3.2E-05,8.272978,0.474309,3.164335
6.024783,7.882926,0.020922,3.1E-05,8.255738,0.472711,3.168169
6.01459,7.884763,0.020935,3.1E-05,8.293341,0.474223,3.199789
6.042099,7.890497,0.02044,3.1E-05,8.286524,0.478374,3.203395
6.044204,7.877065,0.020463,3.1E-05,8.306318,0.478162,3.201381
6.031804,7.893761,0.020301,3.1E-05,8.301274,0.478185,3.21154
6.056983,7.890139,0.020292,3.1E-05,8.273216,0.480247,3.203103
6.043497,7.879038,0.020321,3.1E-05,8.279641,0.478005,3.197571
6.073487,7.881577,0.020306,3.1E-05,8.280294,0.480957,3.197319
6.077364,7.852014,0.020316,3.1E-05,8.296309,0.484488,3.190452
6.059906,7.86944,0.020315,3.1E-05,8.285091,0.484335,3.199604
6.062434,7.866963,0.020314,3.1E-05,8.289885,0.484502,3.200809
6.055601,7.868071,0.020324,3.1E-05,8.288535,0.483151,3.199341
6.088446,7.863218,0.020311,3.1E-05,8.265477,0.484984,3.194507
6.083764,7.843073,0.020305,3.1E-05,8.290755,0.484997,3.188706
6.083795,7.874385,0.020307,3.1E-05,8.276681,0.484681,3.195106
6.082934,7.85487,0.020253,3.1E-05,8.290319,0.484753,3.194946
6.062744,7.871402,0.020255,3.1E-05,8.28899,0.484962,3.192462
6.087119,7.875876,0.020247,3.1E-05,8.266757,0.484865,3.194568
6.082753,7.879714,0.020785,3.2E-05,8.252818,0.48483,3.18982
6.059563,7.882645,0.020817,3.2E-05,8.235341,0.484766,3.199449
6.065533,7.854555,0.020808,3.2E-05,8.254774,0.48305,3.189673
6.054267,7.869846,0.020806,3.1E-05,8.24133,0.482835,3.193326
6.075951,7.846454,0.020744,3.1E-05,8.246976,0.480773,3.194689
6.041288,7.862962,0.02076,3.1E-05,8.247208,0.480778,3.192837
6.063048,7.861216,0.020746,3.1E-05,8.228773,0.480131,3.197128
6.052942,7.847559,0.02082,3.1E-05,8.240109,0.480846,3.192372
6.074267,7.864469,0.020819,3.1E-05,8.204162,0.479898,3.188962
6.067422,7.844748,0.020816,3.1E-05,8.218898,0.480091,3.188036
6.063463,7.870961,0.020769,3.1E-05,8.218977,0.478339,3.187951
6.092141,7.83105,0.020267,3.1E-05,8.230005,0.474834,3.183099
6.067148,7.841147,0.020278,3.1E-05,8.229914,0.476604,3.184406
6.084465,7.844213,0.020273,3.1E-05,8.197312,0.474978,3.15126
6.05685,7.826984,0.020214,3.1E-05,8.208426,0.470623,3.147625
6.049901,7.839833,0.020183,3.1E-05,8.183149,0.47615,3.144885
6.044286,7.823413,0.02018,3.1E-05,8.208028,0.477379,3.138853
6.026971,7.846148,0.02021,3.1E-05,8.205522,0.474068,3.138044
6.05231,7.829034,0.020169,3.1E-05,8.205949,0.474076,3.143209
6.023131,7.829833,0.021383,3.1E-05,8.205664,0.472689,3.144823
6.027998,7.83496,0.021361,3.1E-05,8.188587,0.469112,3.149605
6.025187,7.813707,0.021356,3.1E-05,8.21885,0.469317,3.141483
6.028637,7.835975,0.021376,3.1E-05,8.203947,0.46916,3.139203
6.047087,7.822121,0.021373,3.1E-05,8.20076,0.469297,3.139232
6.015878,7.837921,0.021445,3.1E-05,8.212641,0.469114,3.145808
6.036632,7.841701,0.021447,3.1E-05,8.19772,0.469288,3.142887
6.022593,7.816141,0.021443,3.1E-05,8.222974,0.469506,3.138059
6.026318,7.841519,0.021469,3.1E-05,8.200045,0.469032,3.142205
6.031258,7.8245,0.021468,3.1E-05,8.196412,0.468919,3.146532
6.00962,7.83651,0.021484,3.1E-05,8.206749,0.470653,3.14382
6.02986,7.819894,0.02095,3.1E-05,8.219111,0.475169,3.152798
6.012204,7.821243,0.020937,3.1E-05,8.242965,0.47557,3.14569
6.005893,7.845246,0.020952,3.1E-05,8.214368,0.474313,3.146865
5.999976,7.82256,0.02095,3.1E-05,8.247828,0.475358,3.15228
5.981968,7.833376,0.020938,3.1E-05,8.239757,0.476742,3.149024
5.999858,7.814137,0.020924,3.1E-05,8.23989,0.476704,3.145662
5.978364,7.828803,0.021637,3.1E-05,8.242704,0.478206,3.139669
5.997722,7.821144,0.02157,3.1E-05,8.229658,0.476182,3.137213
5.97953,7.806958,0.021569,3.1E-05,8.251825,0.476071,3.14281
5.979449,7.825496,0.021606,3.1E-05,8.241979,0.475945,3.13867
5.98525,7.802173,0.021612,3.1E-05,8.234603,0.475773,3.137411
5.968766,7.824797,0.021626,3.1E-05,8.222285,0.475587,3.137632
6.003158,7.815841,0.021609,3.1E-05,8.24794,0.47426,3.132358
5.977337,7.823068,0.021668,3.1E-05,8.266576,0.474303,3.132228
6.001711,7.831178,0.021681,3.1E-05,8.258977,0.47419,3.132279
6.004355,7.81275,0.021687,3.2E-05,8.300295,0.468992,3.140573
6.011958,7.83382,0.021701,3.1E-05,8.284665,0.46782,3.139971
6.031393,7.82907,0.021714,3.1E-05,8.315512,0.46904,3.144607
6.024745,7.854829,0.021756,3.1E-05,8.329015,0.468972,3.146815
6.044206,7.860067,0.020555,3.1E-05,8.322259,0.469164,3.147242
6.035231,7.866442,0.020573,3.1E-05,8.334846,0.468905,3.143626
6.064557,7.876711,0.020591,3.1E-05,8.319292,0.471737,3.141802
6.066676,7.859475,0.020572,3.2E-05,8.337288,0.471648,3.148261
6.066014,7.858811,0.020571,3.2E-05,8.352444,0.471479,3.150269
6.067106,7.855195,0.020501,3.1E-05,8.360323,0.469961,3.145332
6.055878,7.870856,0.020506,3.1E-05,8.358624,0.469686,3.151198
6.073692,7.874985,0.020515,3.2E-05,8.335191,0.469541,3.15356
6.076027,7.877282,0.020533,3.1E-05,8.324964,0.46951,3.149178
6.140268,7.901442,0.020603,3.2E-05,8.33949,0.470437,3.145717
6.146494,7.890315,0.020622,3.2E-05,8.341748,0.471062,3.156328
6.130726,7.892457,0.020621,3.2E-05,8.336932,0.466487,3.152626
6.120538,7.89934,0.020606,3.2E-05,8.313745,0.465809,3.15012
6.119027,7.883309,0.02059,3.2E-05,8.314769,0.466316,3.149041
6.121121,7.884883,0.020617,3.2E-05,8.287784,0.465238,3.137771
6.116215,7.873103,0.020671,3.2E-05,8.280906,0.463801,3.143547
6.100993,7.875727,0.020674,3.2E-05,8.275238,0.465272,3.143285
6.095206,7.8634,0.01996,3.2E-05,8.276227,0.463722,3.143656
6.075908,7.870136,0.020006,3.2E-05,8.289603,0.463713,3.145456
6.078199,7.872531,0.020006,3.2E-05,8.290928,0.464177,3.140267
6.080452,7.863994,0.020014,3.2E-05,8.295756,0.464329,3.145194
6.089841,7.860272,0.02001,3.2E-05,8.300674,0.464385,3.14648
6.080423,7.852616,0.020025,3.2E-05,8.308002,0.464499,3.149034
6.046168,7.852643,0.02002,3.2E-05,8.285241,0.465304,3.147731
6.070276,7.845235,0.019977,3.2E-05,8.281966,0.465262,3.146307
6.049769,7.856692,0.020026,3.2E-05,8.278234,0.465356,3.152224
6.066692,7.855197,0.020023,3.2E-05,8.244568,0.464933,3.149574
6.060746,7.838609,0.020011,3.2E-05,8.258395,0.464672,3.1483
6.046317,7.843019,0.019986,3.2E-05,8.232866,0.463535,3.147276
6.030282,7.8142,0.019956,3.2E-05,8.236969,0.468045,3.141446
6.02247,7.830129,0.019958,3.2E-05,8.239337,0.465982,3.145491
6.039671,7.822936,0.01994,3.2E-05,8.243017,0.466058,3.144219
6.0083,7.828718,0.019992,3.2E-05,8.24947,0.463015,3.145423
6.025472,7.817153,0.019989,3.1E-05,8.243283,0.463063,3.141389
6.009666,7.816139,0.019994,3.1E-05,8.241214,0.463178,3.140593
6.013101,7.830656,0.019992,3.1E-05,8.222191,0.463,3.146444
6.029945,7.81284,0.019988,3.1E-05,8.229445,0.463049,3.138699
6.018405,7.818969,0.019989,3.1E-05,8.248984,0.463103,3.137869
6.036756,7.799,0.019948,3.1E-05,8.282051,0.466734,3.138534
5.962165,7.788347,0.020565,3.1E-05,8.276372,0.46567,3.139389
5.973865,7.783107,0.020535,3.1E-05,8.274813,0.463142,3.130255
5.971044,7.781183,0.020546,3.1E-05,8.302529,0.463203,3.127004
5.983705,7.79479,0.020549,3.1E-05,8.31518,0.463547,3.138329
5.99137,7.816782,0.020601,3.2E-05,8.348203,0.463464,3.141613
5.99222,7.853388,0.020592,3.2E-05,8.362967,0.46582,3.148115
6.01702,7.860229,0.020553,3.2E-05,8.395272,0.466057,3.14764
6.035759,7.874242,0.020597,3.2E-05,8.400396,0.464581,3.152073
6.072698,7.87499,0.020598,3.2E-05,8.408564,0.465936,3.151752
6.087681,7.897413,0.020549,3.2E-05,8.404898,0.465837,3.153683
6.108329,7.903397,0.020558,3.2E-05,8.388795,0.4654,3.155362
6.105854,7.901523,0.020575,3.2E-05,8.387015,0.465142,3.150692
6.104759,7.9061,0.02058,3.2E-05,8.386201,0.465001,3.151329
6.102185,7.90383,0.020568,3.2E-05,8.394642,0.466066,3.151798
6.106596,7.909067,0.020573,3.1E-05,8.395087,0.464773,3.154355
6.112072,7.906447,0.020553,3.1E-05,8.394095,0.467968,3.150944
6.113529,7.910338,0.020505,3.1E-05,8.381319,0.467855,3.148535
6.122106,7.914365,0.020511,3.1E-05,8.393328,0.467791,3.146138
6.120597,7.92308,0.020612,3.1E-05,8.386349,0.467961,3.142796
6.136598,7.896029,0.020596,3.1E-05,8.395556,0.46772,3.146371
6.137563,7.89551,0.020586,3.1E-05,8.408669,0.463162,3.147103
6.127916,7.904063,0.020606,3E-05,8.405024,0.46321,3.140162
6.136379,7.897403,0.020608,3E-05,8.404384,0.463036,3.140817
6.142203,7.896998,0.020556,3E-05,8.403314,0.463144,3.140889
6.152339,7.90681,0.020565,3.1E-05,8.397365,0.465031,3.141356
6.151121,7.904943,0.02056,3.1E-05,8.419642,0.465043,3.142572
6.174149,7.884045,0.020568,3.1E-05,8.421664,0.464946,3.140672
6.154519,7.874427,0.020567,3.1E-05,8.4444,0.465801,3.141078
6.149277,7.888562,0.020567,3.1E-05,8.436328,0.465464,3.143137
6.147644,7.888531,0.020563,3.1E-05,8.408942,0.461627,3.146243
6.148905,7.892302,0.019946,3E-05,8.41891,0.461529,3.14458
6.161649,7.888968,0.019941,3E-05,8.41842,0.464157,3.144433
6.158022,7.880124,0.019924,3E-05,8.410443,0.464045,3.142585
6.151984,7.875943,0.019921,3E-05,8.396474,0.463718,3.135538
6.144394,7.849579,0.01987,3E-05,8.39063,0.463337,3.13303
6.141168,7.831656,0.019858,2.9E-05,8.386378,0.46103,3.124855
6.142978,7.818703,0.019846,2.9E-05,8.355467,0.46113,3.126044
6.12384,7.809935,0.01985,2.9E-05,8.354268,0.461193,3.124186
6.127681,7.82979,0.020379,2.9E-05,8.351633,0.461084,3.129204
6.116843,7.798659,0.020378,2.9E-05,8.368916,0.461482,3.122401
6.098441,7.814836,0.020376,2.8E-05,8.361384,0.461638,3.119336
6.10778,7.798785,0.020394,2.8E-05,8.376365,0.462004,3.124876
6.086202,7.825621,0.020406,2.8E-05,8.367935,0.462433,3.126085
6.108389,7.819304,0.020391,2.8E-05,8.353805,0.461394,3.129123
6.106678,7.806249,0.020427,2.9E-05,8.371729,0.461654,3.125027
6.099918,7.809758,0.020426,2.9E-05,8.353254,0.458363,3.125474
6.095641,7.786175,0.020411,2.9E-05,8.371897,0.458342,3.125479
6.065311,7.798802,0.020426,2.9E-05,8.359447,0.45895,3.122348
6.086189,7.785166,0.020328,2.9E-05,8.353939,0.458672,3.12969
6.066447,7.802125,0.020376,2.9E-05,8.356652,0.458733,3.124756
6.083838,7.814013,0.020392,2.9E-05,8.327902,0.459973,3.124892
6.083316,7.778345,0.020356,2.9E-05,8.350389,0.461637,3.126537
6.065539,7.796675,0.020367,2.9E-05,8.345502,0.461601,3.12486
6.085122,7.784318,0.020353,2.9E-05,8.349539,0.4614,3.13211
6.05174,7.792815,0.020355,2.9E-05,8.351579,0.45938,3.128289
6.071167,7.79647,0.020356,2.9E-05,8.339564,0.459178,3.129158
6.045344,7.798559,0.020403,2.9E-05,8.361403,0.459193,3.125412
6.059916,7.810626,0.02041,2.9E-05,8.336187,0.458264,3.12696
6.062498,7.786117,0.0204,2.9E-05,8.362402,0.458595,3.12422
6.04835,7.808967,0.020991,2.9E-05,8.377184,0.458834,3.121192
6.069496,7.787486,0.020916,2.9E-05,8.372155,0.458903,3.131076
6.043878,7.809627,0.020931,2.9E-05,8.387889,0.457704,3.141508
6.072701,7.816917,0.020941,3E-05,8.381385,0.459076,3.150103
6.072701,7.814434,0.020961,3E-05,8.393435,0.460255,3.147113
6.09163,7.819254,0.021002,3E-05,8.378803,0.461509,3.14473
6.090724,7.795031,0.020993,3E-05,8.397408,0.461653,3.147702
6.078583,7.811563,0.021031,3E-05,8.404691,0.461364,3.146773
6.079103,7.802171,0.020978,3E-05,8.421913,0.461209,3.151142
6.049174,7.79381,0.020455,3E-05,8.418474,0.460028,3.14655
6.068887,7.79991,0.020459,3.1E-05,8.410192,0.459659,3.147088
6.063787,7.788474,0.02046,3.1E-05,8.422502,0.459347,3.149382
6.075939,7.8011,0.020377,3E-05,8.398801,0.460497,3.146092
6.076417,7.771358,0.020354,3E-05,8.425385,0.460127,3.145004
6.070539,7.791979,0.020666,3E-05,8.434859,0.459872,3.13776
6.074776,7.787596,0.02062,3E-05,8.440305,0.459581,3.144362
6.061948,7.809398,0.020646,3E-05,8.46296,0.461927,3.144916
6.08256,7.817152,0.020661,3E-05,8.451867,0.463357,3.144162
6.085931,7.815318,0.020661,3E-05,8.456385,0.46261,3.146399
6.085125,7.817142,0.02067,3E-05,8.459008,0.465098,3.139022
6.089396,7.801767,0.020619,3E-05,8.477284,0.464972,3.1432
6.082106,7.804389,0.020604,3E-05,8.479992,0.463677,3.144997
6.081785,7.812941,0.02061,3E-05,8.470957,0.46188,3.145742
6.077459,7.81196,0.020594,3E-05,8.477633,0.463757,3.149314
6.077485,7.815588,0.020594,3E-05,8.481442,0.463659,3.145847
6.085023,7.816499,0.020606,3E-05,8.476773,0.463638,3.150745
6.088502,7.822434,0.020624,3E-05,8.459641,0.463327,3.153589
6.09259,7.818773,0.020568,3E-05,8.454288,0.463114,3.15668
6.094019,7.815288,0.020562,3E-05,8.455095,0.462927,3.154806
6.092136,7.811888,0.02056,3E-05,8.460463,0.462808,3.15416
6.085967,7.803336,0.01997,3E-05,8.44822,0.462562,3.156989
6.081949,7.811208,0.019987,3E-05,8.460005,0.462318,3.151495
6.082469,7.804791,0.019996,3E-05,8.447274,0.461887,3.14197
6.076365,7.80284,0.019993,2.9E-05,8.453176,0.46149,3.135208
6.080679,7.788352,0.01997,2.9E-05,8.475002,0.465572,3.1563
6.087258,7.783876,0.019932,2.9E-05,8.472409,0.464188,3.157963
6.090736,7.794455,0.019935,2.9E-05,8.46979,0.46573,3.156183
6.089694,7.797941,0.019897,3E-05,8.482061,0.465681,3.157346
6.092058,7.797725,0.019901,3E-05,8.495963,0.465497,3.152248
6.089566,7.810371,0.019899,3E-05,8.496023,0.466537,3.155566
6.085938,7.81382,0.019906,3E-05,8.485099,0.466591,3.156857
6.088672,7.818314,0.019906,3E-05,8.46929,0.466753,3.159157
6.089879,7.807692,0.019907,3E-05,8.482241,0.467141,3.158807
6.087191,7.81401,0.019915,3E-05,8.483939,0.468372,3.15702
6.076109,7.812691,0.019599,3E-05,8.483005,0.46828,3.164818
6.072015,7.810236,0.019608,3E-05,8.491488,0.468432,3.159995
6.069679,7.796572,0.019583,3E-05,8.476893,0.465914,3.162417
6.069811,7.793162,0.019577,3E-05,8.486667,0.464556,3.159803
6.066112,7.792965,0.020153,3E-05,8.489826,0.46459,3.16157
6.061924,7.79809,0.020234,3E-05,8.483439,0.462078,3.168538
6.054003,7.805238,0.020237,3E-05,8.480383,0.462191,3.164678
6.051744,7.81437,0.020232,3E-05,8.489623,0.462114,3.162039
6.065754,7.811089,0.020255,2.9E-05,8.494421,0.46624,3.177823
6.08413,7.820575,0.020345,3E-05,8.515869,0.469976,3.180913
6.085497,7.824517,0.020387,3E-05,8.518941,0.470294,3.177952
6.094659,7.834459,0.020399,3E-05,8.525981,0.470467,3.182523
6.088189,7.831618,0.020382,3E-05,8.547825,0.470774,3.183275
6.079223,7.853498,0.020393,3E-05,8.544265,0.470848,3.177344
6.085245,7.843852,0.020393,3E-05,8.557443,0.475483,3.180876
6.086359,7.851062,0.020411,3.1E-05,8.557907,0.476016,3.185111
6.105041,7.840178,0.020413,3E-05,8.579309,0.476143,3.187834
6.084244,7.844487,0.020403,3E-05,8.586045,0.476289,3.187448
6.083367,7.847798,0.020389,3.1E-05,8.590209,0.475156,3.192464
6.062562,7.842542,0.020385,3.1E-05,8.61447,0.474288,3.192219
6.060209,7.879503,0.020388,3.1E-05,8.601727,0.46906,3.17678
6.05175,7.887452,0.020389,3.1E-05,8.613846,0.470509,3.179483
6.0462,7.905273,0.020408,3.1E-05,8.596798,0.468561,3.17845
6.05959,7.88518,0.020406,3.1E-05,8.599313,0.468397,3.174381
6.067228,7.890945,0.020411,3.1E-05,8.591394,0.468469,3.174047
6.081143,7.868546,0.02041,3.1E-05,8.592465,0.467501,3.175745
6.06261,7.860314,0.020416,3.1E-05,8.609592,0.467434,3.172731
6.06108,7.856047,0.020429,3.1E-05,8.631276,0.467385,3.180198
6.054893,7.860961,0.020434,3.1E-05,8.640913,0.465426,3.17724
6.050008,7.883223,0.020433,3.1E-05,8.632426,0.465526,3.177164
6.06545,7.868014,0.020433,3.1E-05,8.641235,0.465352,3.175235
6.067514,7.891253,0.020514,3.1E-05,8.630939,0.465757,3.177658
6.092291,7.879914,0.020509,3.2E-05,8.665917,0.465679,3.180402
6.071172,7.890445,0.020566,3.2E-05,8.674972,0.466561,3.180506
6.091284,7.879153,0.019967,3.2E-05,8.681422,0.467539,3.183158
6.080211,7.867282,0.019872,3.2E-05,8.718813,0.470193,3.178032
6.098535,7.884458,0.019873,3.2E-05,8.703799,0.469998,3.182272
6.095057,7.865035,0.019873,3.2E-05,8.726343,0.470012,3.184952
6.083764,7.889466,0.019854,3.2E-05,8.719216,0.465777,3.169698
6.082232,7.861479,0.019773,3.2E-05,8.712564,0.45995,3.165375
6.068581,7.868972,0.020023,3.2E-05,8.706279,0.460002,3.174668
6.08222,7.850096,0.019994,3.2E-05,8.713093,0.460046,3.168718
6.06718,7.855075,0.020119,3.2E-05,8.704616,0.459865,3.161598
6.099262,7.838894,0.020111,3.2E-05,8.705518,0.45981,3.167834
6.082643,7.841883,0.020113,3.2E-05,8.726109,0.455163,3.164368
6.080616,7.85906,0.0201,3.2E-05,8.702671,0.45433,3.162167
6.067396,7.852422,0.020097,3.2E-05,8.715212,0.454058,3.158818
6.074857,7.858317,0.020097,3.2E-05,8.696586,0.453799,3.154459
6.093239,7.844568,0.020087,3.2E-05,8.699014,0.453548,3.145789
6.095239,7.863658,0.020111,3.1E-05,8.67065,0.453076,3.144322
6.127449,7.836392,0.020149,3.1E-05,8.6658,0.452703,3.143967
6.112001,7.826753,0.020144,3.1E-05,8.689722,0.451087,3.145278
6.129426,7.815148,0.020129,3.1E-05,8.69798,0.451996,3.146519
6.113703,7.81783,0.020132,3.1E-05,8.707969,0.454928,3.145336
6.111194,7.830695,0.020126,3.1E-05,8.692431,0.454932,3.150155
6.104063,7.823072,0.020124,3.1E-05,8.701161,0.454609,3.152195
6.106479,7.838731,0.020115,3.1E-05,8.686566,0.457468,3.152225
6.131247,7.826705,0.020102,3E-05,8.674412,0.457335,3.149322
6.115551,7.8376,0.020154,3E-05,8.663035,0.457387,3.151056
6.141107,7.817667,0.020152,3E-05,8.655726,0.456983,3.154048
6.124416,7.81479,0.020156,3E-05,8.668473,0.459683,3.154098
6.122348,7.818324,0.02064,3E-05,8.657157,0.459141,3.150963
6.10449,7.818665,0.020654,3E-05,8.652715,0.459401,3.149319
6.109633,7.828754,0.020603,3E-05,8.649378,0.458974,3.15624
6.113565,7.825049,0.020602,3E-05,8.639011,0.457994,3.154888
6.110475,7.84751,0.020613,3E-05,8.612665,0.457213,3.157287
6.122305,7.829933,0.020616,3E-05,8.615766,0.457495,3.155024
6.119783,7.83825,0.020682,3E-05,8.59889,0.461238,3.150878
6.136445,7.818511,0.020677,3E-05,8.600033,0.462392,3.149275
6.122625,7.818261,0.020669,3E-05,8.602444,0.465143,3.150855
6.114022,7.827643,0.020403,3E-05,8.604803,0.464804,3.145751
6.091352,7.824949,0.020399,2.9E-05,8.61127,0.464491,3.150787
6.095039,7.83191,0.020279,2.9E-05,8.621313,0.464636,3.150798
6.094642,7.830611,0.020285,2.9E-05,8.624506,0.464676,3.149029
6.093888,7.854009,0.020316,2.9E-05,8.61416,0.464631,3.152368
6.118276,7.843755,0.020314,2.9E-05,8.615309,0.46458,3.153856
6.115352,7.862291,0.021544,2.9E-05,8.600326,0.464648,3.155881
6.134076,7.858285,0.021548,2.9E-05,8.615193,0.466634,3.158087
6.120944,7.864393,0.021547,2.9E-05,8.64795,0.467001,3.160844
6.14319,7.849494,0.021535,2.9E-05,8.658422,0.469448,3.162041
6.115449,7.838713,0.021493,2.9E-05,8.679511,0.469649,3.161609
6.117712,7.861155,0.021524,3E-05,8.650117,0.469649,3.157995
6.107177,7.850572,0.021518,3E-05,8.668855,0.468783,3.160817
6.109632,7.863529,0.021518,2.9E-05,8.678228,0.465889,3.159669
6.122466,7.850782,0.021513,2.9E-05,8.690009,0.465692,3.154857
6.115657,7.869444,0.021521,2.9E-05,8.684699,0.468401,3.148688
6.131479,7.863806,0.021957,3E-05,8.692728,0.465284,3.148824
6.109773,7.874383,0.022002,3E-05,8.709872,0.465131,3.144995
6.14326,7.877963,0.021968,3E-05,8.724538,0.465794,3.143294
6.124899,7.889069,0.022492,3E-05,8.757492,0.466934,3.152447
6.148012,7.904358,0.022523,3E-05,8.744145,0.465807,3.148706
6.150259,7.881793,0.021952,2.9E-05,8.763546,0.466591,3.160286
6.163126,7.881391,0.02223,2.9E-05,8.753858,0.466056,3.157597
6.162426,7.867891,0.022215,2.9E-05,8.762816,0.465682,3.158272
6.148478,7.889989,0.022222,2.9E-05,8.802198,0.469699,3.162922
6.156591,7.881862,0.022377,2.9E-05,8.831497,0.472256,3.169235
6.133639,7.90657,0.022433,2.9E-05,8.835982,0.471943,3.172482
6.138654,7.901655,0.022377,2.9E-05,8.851284,0.468132,3.173849
6.129557,7.920876,0.022391,2.9E-05,8.853457,0.466991,3.177354
6.149098,7.925661,0.022394,2.9E-05,8.839975,0.464316,3.173524
6.155599,7.916168,0.022369,2.9E-05,8.842694,0.466642,3.173805
6.171855,7.917653,0.022389,2.8E-05,8.835538,0.466788,3.169323
6.171273,7.915266,0.023584,2.8E-05,8.826086,0.466735,3.173564
6.171476,7.907293,0.023578,2.8E-05,8.833615,0.466488,3.170381
6.17023,7.891957,0.023544,2.8E-05,8.835985,0.466635,3.167541
6.155313,7.897261,0.023547,2.8E-05,8.830141,0.469112,3.167017
6.155442,7.88345,0.022316,2.8E-05,8.834945,0.469097,3.163471
6.13904,7.887656,0.022324,2.9E-05,8.825414,0.467014,3.163315
6.153327,7.880816,0.022338,2.9E-05,8.811057,0.470105,3.162251
6.132889,7.896474,0.022333,2.9E-05,8.804961,0.470512,3.164153
6.149875,7.897415,0.022844,2.9E-05,8.786813,0.470256,3.160019
6.147347,7.892906,0.023421,2.8E-05,8.784858,0.469978,3.163239
6.168361,7.909554,0.023427,2.9E-05,8.786083,0.471497,3.159731
6.164119,7.904562,0.023429,2.9E-05,8.772565,0.471396,3.159793
6.167753,7.898143,0.023435,2.9E-05,8.762815,0.47152,3.165473
6.19979,7.897312,0.02344,2.9E-05,8.787316,0.469632,3.171108
6.191869,7.899889,0.023017,2.9E-05,8.796415,0.470922,3.177898
6.223439,7.891971,0.022971,2.9E-05,8.817595,0.471153,3.182478
6.2056,7.884277,0.022959,2.9E-05,8.821342,0.474104,3.187141
6.205801,7.872419,0.022441,2.9E-05,8.811977,0.471862,3.176832
6.186613,7.870757,0.022416,2.9E-05,8.817796,0.470332,3.181468
6.18361,7.866669,0.022421,3E-05,8.829969,0.469592,3.170315
6.172796,7.881041,0.022138,3E-05,8.822749,0.469796,3.176716
6.192934,7.874843,0.022141,3E-05,8.818365,0.46946,3.170711
6.191399,7.872101,0.022173,3E-05,8.800487,0.46548,3.168852
6.204897,7.866273,0.02201,3E-05,8.778187,0.465131,3.165671
6.204216,7.850685,0.021973,3E-05,8.777298,0.465326,3.160574
6.222649,7.851371,0.021971,3E-05,8.767689,0.468961,3.166392
6.215239,7.835104,0.021963,3E-05,8.787848,0.468958,3.165151
6.213005,7.852304,0.022004,3E-05,8.797511,0.469019,3.173734
6.206183,7.845792,0.022013,3E-05,8.825563,0.466766,3.174219
6.207734,7.849916,0.021997,3.1E-05,8.842686,0.466659,3.184796
6.210414,7.847765,0.020817,3.1E-05,8.879454,0.466578,3.182571
6.203572,7.85951,0.02082,3.1E-05,8.879393,0.4684,3.187995
6.206765,7.87144,0.02084,3.1E-05,8.877879,0.472186,3.191557
6.206129,7.889687,0.020854,3.1E-05,8.89628,0.472521,3.194453
6.204513,7.89525,0.020873,3.1E-05,8.912402,0.472678,3.192104
6.203825,7.886462,0.020857,3.1E-05,8.925476,0.472938,3.19548
6.187675,7.880904,0.020843,3.1E-05,8.951251,0.46987,3.193967
6.191671,7.889928,0.020852,3E-05,8.951755,0.467204,3.19847
6.184852,7.893344,0.020444,3E-05,8.961167,0.467354,3.201956
6.18473,7.897754,0.019856,3E-05,8.962877,0.467475,3.198014
6.180736,7.878412,0.01985,3E-05,8.957658,0.465733,3.202995
6.17938,7.887316,0.019868,3E-05,8.956112,0.465658,3.204163
6.179334,7.886842,0.019866,3E-05,8.955809,0.47014,3.200931
6.141886,7.876468,0.019873,3E-05,8.948394,0.469236,3.192528
6.155251,7.868134,0.019852,3E-05,8.947526,0.467901,3.191725
6.121922,7.859925,0.019844,3E-05,8.948534,0.467858,3.182922
6.115191,7.866235,0.019836,3E-05,8.939058,0.463864,3.183537
6.118888,7.856653,0.019827,3E-05,8.946749,0.466345,3.18363
6.113889,7.861505,0.019963,3E-05,8.940516,0.466092,3.179925
6.134401,7.859927,0.019958,3E-05,8.917696,0.465693,3.182609
6.123671,7.861404,0.019987,3E-05,8.922436,0.465409,3.173881
6.130754,7.861143,0.020056,3E-05,8.920191,0.465102,3.173435
6.122433,7.839659,0.020018,3E-05,8.932178,0.464896,3.17067
6.119076,7.839454,0.020015,3E-05,8.925099,0.460511,3.169242
6.122992,7.823446,0.019988,3E-05,8.941634,0.46166,3.167428
6.10085,7.834877,0.019999,3E-05,8.934278,0.458214,3.164866
6.117164,7.824306,0.019991,3E-05,8.915917,0.458095,3.164281
6.094709,7.824944,0.019948,3E-05,8.907714,0.457765,3.159374
6.118543,7.82026,0.019941,3E-05,8.874078,0.462427,3.157506
6.095826,7.817794,0.019985,3E-05,8.865219,0.465134,3.146381
6.114176,7.809933,0.019964,3E-05,8.826153,0.464973,3.151531
6.100539,7.802874,0.019965,3E-05,8.836838,0.466887,3.146159
6.100952,7.809963,0.020073,3E-05,8.820121,0.462813,3.14387
6.102753,7.77742,0.020067,2.9E-05,8.834889,0.462023,3.140464
6.103745,7.788523,0.020131,3E-05,8.811168,0.461815,3.145222
6.110628,7.772874,0.02013,3E-05,8.803915,0.461789,3.143858
6.104805,7.804572,0.020147,3E-05,8.758606,0.463932,3.149316
6.120533,7.784128,0.020128,3E-05,8.747432,0.463727,3.148789
6.107422,7.797907,0.020075,3E-05,8.741826,0.463692,3.143549
6.137927,7.777773,0.020056,3E-05,8.740879,0.465587,3.148705
6.122581,7.77708,0.020058,3E-05,8.748549,0.465708,3.143238
6.137214,7.763816,0.020049,3E-05,8.755285,0.469248,3.143341
6.123262,7.760968,0.020047,3E-05,8.771171,0.464949,3.146127
6.128321,7.782791,0.020034,3E-05,8.746105,0.464879,3.147739
6.112905,7.779145,0.020037,3E-05,8.75159,0.465023,3.143811
6.115814,7.805676,0.020054,3E-05,8.724201,0.465035,3.143956
6.132856,7.794225,0.02015,3E-05,8.728048,0.465155,3.143255
6.131875,7.819009,0.020183,3E-05,8.713638,0.462508,3.144368
6.157512,7.803233,0.020044,3E-05,8.722523,0.463167,3.148314
6.141944,7.819305,0.020088,3E-05,8.732018,0.463464,3.146801
6.166965,7.80482,0.020051,2.9E-05,8.733768,0.464862,3.147404
6.142242,7.815329,0.020081,2.9E-05,8.789396,0.466382,3.15385
6.178618,7.825267,0.020096,3E-05,8.770928,0.466432,3.149978
6.160986,7.819366,0.020097,3E-05,8.778281,0.466783,3.150969
6.158513,7.82514,0.020118,3E-05,8.762312,0.46582,3.161103
6.160708,7.811537,0.020111,3E-05,8.779678,0.467155,3.158724
6.145236,7.824513,0.020131,3E-05,8.79462,0.467149,3.15917
6.155323,7.809737,0.020129,3E-05,8.80154,0.467195,3.159004
6.127676,7.809792,0.020126,3E-05,8.817075,0.462204,3.157283
6.13488,7.81156,0.020082,2.9E-05,8.814377,0.459301,3.154365
6.11046,7.817482,0.020168,2.9E-05,8.830705,0.459472,3.152395
6.115041,7.817585,0.020169,2.9E-05,8.808374,0.455587,3.152381
6.106137,7.798788,0.020049,3E-05,8.829076,0.455483,3.15412
6.090766,7.80898,0.020074,3E-05,8.808658,0.453349,3.151914
6.089769,7.793329,0.019997,3E-05,8.823521,0.453285,3.152745
6.085861,7.803505,0.020206,3E-05,8.843992,0.453228,3.152778
6.095758,7.78395,0.020197,3E-05,8.851004,0.451966,3.148191
6.073362,7.784219,0.020211,3E-05,8.871655,0.452628,3.149226
6.076726,7.773331,0.020166,3E-05,8.879688,0.452524,3.149295
6.044699,7.777187,0.020227,3E-05,8.892829,0.45239,3.146161
6.045308,7.780146,0.020237,3E-05,8.888803,0.452158,3.149453
6.031393,7.781564,0.020224,3E-05,8.901907,0.452946,3.149355
6.020874,7.79947,0.020226,3E-05,8.888855,0.453885,3.148717
6.020529,7.772334,0.02022,3E-05,8.909485,0.453701,3.153602
6.013413,7.772545,0.020212,3E-05,8.920291,0.453457,3.151614
6.014037,7.757558,0.020205,3E-05,8.930547,0.453467,3.150367
5.99233,7.761412,0.020157,3E-05,8.936706,0.453296,3.149787
5.98935,7.743409,0.020137,3E-05,8.940409,0.453109,3.14934
5.964292,7.747305,0.020774,3.1E-05,8.951161,0.45518,3.142486
5.965863,7.732996,0.020743,3.1E-05,8.967441,0.455001,3.147842
5.949738,7.726373,0.020738,3.1E-05,8.977183,0.453464,3.152583
5.95077,7.715779,0.020638,3.1E-05,8.933747,0.45179,3.147649
5.911544,7.710165,0.020625,3.1E-05,8.940922,0.451378,3.153709
5.914756,7.728042,0.020639,3E-05,8.94528,0.450862,3.159911
5.916092,7.729284,0.020626,3E-05,8.955392,0.451844,3.150466
5.914247,7.731084,0.020626,3E-05,8.945177,0.449945,3.151883
5.921228,7.724561,0.020622,3E-05,8.944277,0.449762,3.148702
5.914841,7.725828,0.021266,3.1E-05,8.940584,0.449749,3.149387
5.923327,7.724267,0.021263,3.1E-05,8.94425,0.449709,3.15367
5.915867,7.723151,0.021258,3.1E-05,8.95856,0.449606,3.157125
5.924687,7.743229,0.021219,3.1E-05,8.96903,0.449553,3.16124
5.928661,7.753762,0.021222,3.2E-05,9.000434,0.450928,3.168372
5.937865,7.759327,0.021234,3.2E-05,9.00276,0.450977,3.174192
5.944112,7.765159,0.021217,3.2E-05,9.01631,0.45102,3.177802
5.946046,7.771935,0.021224,3.2E-05,9.018467,0.452846,3.1886
5.935631,7.782535,0.021489,3.2E-05,9.01377,0.453544,3.187153
5.932868,7.779742,0.021485,3.2E-05,9.03382,0.452146,3.193874
5.942924,7.778137,0.021489,3.2E-05,9.043195,0.451589,3.187963
5.943825,7.780239,0.021491,3.2E-05,9.041168,0.452065,3.195836
5.944375,7.786743,0.021452,3.2E-05,9.049131,0.450175,3.20058
5.94023,7.803716,0.021465,3.2E-05,9.047505,0.455622,3.197228
5.945842,7.801322,0.021504,3.2E-05,9.047107,0.451274,3.198771
5.955869,7.806123,0.021572,3.2E-05,9.064301,0.450094,3.196457
5.977602,7.803464,0.021574,3.2E-05,9.071226,0.450233,3.192658
5.985168,7.815686,0.021582,3.2E-05,9.062109,0.454879,3.201984
6.06189,7.815822,0.021573,3.2E-05,9.061264,0.454566,3.209336
6.063768,7.825758,0.021527,3.2E-05,9.049814,0.454729,3.21277
6.125283,7.827767,0.021521,3.2E-05,9.046931,0.454781,3.216612
6.12749,7.832547,0.02088,3.2E-05,9.040372,0.452195,3.222779
6.191896,7.827871,0.020866,3.2E-05,9.02209,0.452362,3.215244
6.193574,7.846692,0.020877,3.2E-05,9.023168,0.452792,3.214527
6.264124,7.843724,0.020876,3.2E-05,9.012462,0.453164,3.211979
6.265613,7.858687,0.020884,3.2E-05,9.007206,0.453344,3.209331
6.348348,7.845679,0.02093,3.2E-05,9.013579,0.453599,3.20525
6.344372,7.848599,0.020928,3.2E-05,9.0002,0.452069,3.205278
6.429207,7.836455,0.020924,3.2E-05,8.993313,0.452248,3.201899
6.418311,7.846191,0.02091,3.2E-05,8.99106,0.4535,3.203095
6.522498,7.838242,0.020267,3.2E-05,8.99765,0.453419,3.197403
6.514776,7.84643,0.021279,3.2E-05,8.993106,0.454677,3.195162
6.615303,7.840544,0.021278,3.2E-05,8.986959,0.454622,3.195214
6.608685,7.826433,0.021238,3.3E-05,8.971295,0.455576,3.189697
6.677628,7.815446,0.021229,3.2E-05,8.957036,0.454179,3.181438
6.669056,7.819888,0.021218,3.2E-05,8.941916,0.454054,3.172234
6.75257,7.797647,0.021201,3.2E-05,8.944286,0.454544,3.172155
6.752892,7.79663,0.021775,3.2E-05,8.943708,0.452509,3.157005
6.83452,7.777017,0.02131,3.2E-05,8.934687,0.454094,3.154918
6.826956,7.785124,0.021313,3.2E-05,8.919344,0.45409,3.150263
6.903741,7.789271,0.021305,3.2E-05,8.909504,0.456719,3.14915
6.89706,7.796335,0.021311,3.2E-05,8.905692,0.456364,3.14408
6.979424,7.785404,0.021295,3.2E-05,8.897597,0.456489,3.139035
6.978022,7.781738,0.02128,3.2E-05,8.910435,0.451206,3.140697
7.044776,7.778203,0.021242,3.2E-05,8.902105,0.451232,3.140786
7.039875,7.771414,0.02119,3.2E-05,8.897815,0.45111,3.138174
7.094053,7.773332,0.021197,3.2E-05,8.887078,0.45135,3.139762
7.088605,7.769755,0.021199,3.2E-05,8.887649,0.446672,3.138313
7.08003,7.774244,0.021202,3.2E-05,8.895151,0.448764,3.135824
7.074878,7.770866,0.021205,3.2E-05,8.894658,0.448713,3.128539
7.08052,7.763566,0.021201,3.2E-05,8.903872,0.448949,3.125915
7.07761,7.763566,0.021247,3.2E-05,8.910786,0.448786,3.121476
7.080701,7.762822,0.021248,3.2E-05,8.912379,0.44846,3.124909
7.072076,7.75965,0.021251,3.2E-05,8.913049,0.448061,3.126231
7.076144,7.762404,0.021253,3.2E-05,8.914839,0.449121,3.130181
7.0761,7.757778,0.02125,3.2E-05,8.925512,0.448787,3.128404
7.075532,7.756187,0.021191,3.2E-05,8.919366,0.448555,3.12519
7.075716,7.752036,0.021206,3.2E-05,8.933016,0.44837,3.124028
7.082206,7.757587,0.021206,3.3E-05,8.939837,0.448165,3.126792
7.081439,7.751303,0.021225,3.3E-05,8.935105,0.448493,3.12563
7.080241,7.752402,0.021227,3.3E-05,8.932507,0.448588,3.126858
7.085129,7.762608,0.020234,3.3E-05,8.935537,0.447886,3.126549
7.071915,7.764378,0.020239,3.3E-05,8.923338,0.447869,3.126026
7.072167,7.762512,0.020249,3.3E-05,8.925458,0.446704,3.124474
7.072306,7.761679,0.020252,3.3E-05,8.923983,0.446939,3.126325
7.071203,7.754196,0.020282,3.3E-05,8.931008,0.44708,3.126376
7.081094,7.758086,0.020284,3.3E-05,8.921807,0.450668,3.122395
7.079416,7.755205,0.019703,3.3E-05,8.924031,0.450822,3.120846
7.084123,7.764881,0.019696,3.3E-05,8.91007,0.448173,3.127068
7.082556,7.758554,0.019695,3.3E-05,8.913742,0.449392,3.125326
7.085427,7.757564,0.019695,3.3E-05,8.907334,0.446449,3.129639
7.086924,7.747421,0.019681,3.3E-05,8.907101,0.446176,3.126417
7.091536,7.747352,0.019676,3.2E-05,8.904795,0.446019,3.127695
7.093861,7.740807,0.019669,3.2E-05,8.895619,0.445724,3.127392
7.107296,7.742334,0.019666,3.2E-05,8.896424,0.445522,3.130002
7.109632,7.736051,0.019654,3.3E-05,8.88745,0.445438,3.133452
7.116491,7.741058,0.019644,3.3E-05,8.886014,0.445182,3.138516
7.116401,7.738372,0.019637,3.3E-05,8.892388,0.445308,3.133943
7.120069,7.734038,0.019637,3.2E-05,8.880136,0.443247,3.134748
7.125519,7.728395,0.019719,3.2E-05,8.892187,0.444367,3.134779
7.128575,7.734851,0.019725,3.2E-05,8.88172,0.444339,3.138558
7.132987,7.725946,0.019679,3.2E-05,8.870597,0.444653,3.138268
7.144996,7.729662,0.020152,3.2E-05,8.87356,0.444873,3.13885
7.150085,7.725413,0.020144,3.3E-05,8.873896,0.446736,3.138731
7.141804,7.729967,0.020144,3.2E-05,8.865829,0.445489,3.138989
7.144845,7.724395,0.020143,3.2E-05,8.872095,0.445907,3.136323
7.139535,7.731894,0.020147,3.2E-05,8.870813,0.445964,3.132043
7.14149,7.730796,0.020129,3.2E-05,8.876362,0.448542,3.131647
7.128499,7.736934,0.020126,3.2E-05,8.871377,0.448814,3.130567
7.134581,7.741804,0.020137,3.2E-05,8.880752,0.44722,3.13713
7.116202,7.744878,0.020138,3.2E-05,8.877092,0.447116,3.136696
7.116758,7.728652,0.020119,3.2E-05,8.8738,0.446388,3.140853
7.113538,7.733378,0.020125,3.2E-05,8.872305,0.446329,3.140754
7.116699,7.730134,0.020104,3.2E-05,8.876598,0.446298,3.142838
7.115082,7.736707,0.020106,3.2E-05,8.884711,0.447328,3.141042
7.119472,7.738258,0.02008,3.2E-05,8.885777,0.447253,3.14266
7.099036,7.740059,0.020084,3.2E-05,8.888678,0.443179,3.144191
7.104604,7.749879,0.020192,3.2E-05,8.888768,0.443116,3.155333
7.089597,7.753679,0.02019,3.2E-05,8.899036,0.443273,3.153163
7.094186,7.759782,0.020187,3.2E-05,8.91139,0.443467,3.15743
7.061788,7.766233,0.020184,3.2E-05,8.924182,0.443657,3.153425
7.064792,7.770178,0.020186,3.2E-05,8.935706,0.44379,3.158536
7.036963,7.778018,0.020188,3.2E-05,8.942317,0.443855,3.156096
7.044238,7.783763,0.020185,3.2E-05,8.949563,0.446014,3.161542
6.999143,7.791376,0.02019,3.2E-05,8.959459,0.446113,3.156293
7.000452,7.79799,0.020186,3.2E-05,8.971364,0.448038,3.159969
6.958288,7.822041,0.020282,3.2E-05,8.993699,0.448198,3.16468
6.992335,7.836153,0.020491,3.3E-05,9.017817,0.45138,3.171973
6.926208,7.850335,0.020507,3.3E-05,9.051794,0.451393,3.171896
6.928644,7.845832,0.020418,3.3E-05,9.054238,0.455883,3.178537
6.863502,7.845678,0.020412,3.3E-05,9.076959,0.455699,3.176694
6.867171,7.855044,0.020412,3.3E-05,9.103863,0.455878,3.177779
6.783884,7.871651,0.019939,3.3E-05,9.119878,0.455579,3.176439
6.789904,7.881077,0.019994,3.3E-05,9.12765,0.456783,3.176014
6.722074,7.882453,0.019999,3.3E-05,9.153924,0.456461,3.17771
6.732675,7.885415,0.020564,3.3E-05,9.15684,0.461442,3.181194
6.657265,7.879025,0.020562,3.3E-05,9.185598,0.461418,3.184876
6.66196,7.882143,0.02056,3.3E-05,9.186407,0.458808,3.188919
6.59978,7.883111,0.020612,3.3E-05,9.199015,0.46012,3.191392
6.600345,7.887121,0.020577,3.3E-05,9.189127,0.461938,3.191841
6.5548,7.886719,0.020583,3.3E-05,9.193717,0.461868,3.192261
6.562295,7.891342,0.020581,3.3E-05,9.200152,0.461856,3.188435
6.543443,7.892525,0.020584,3.3E-05,9.207156,0.461774,3.188596
6.548025,7.895125,0.020587,3.3E-05,9.202914,0.46564,3.187356
6.5264,7.899312,0.020602,3.3E-05,9.191957,0.464508,3.188538
6.528372,7.903203,0.020698,3.3E-05,9.192157,0.464432,3.190841
6.515971,7.900583,0.020713,3.3E-05,9.196687,0.464207,3.193745
6.525357,7.897226,0.020598,3.3E-05,9.191118,0.464104,3.18596
6.5209,7.890497,0.020623,3.3E-05,9.19501,0.465444,3.182387
6.520813,7.885134,0.020622,3.3E-05,9.188791,0.463912,3.185583
6.522786,7.881282,0.020644,3.3E-05,9.187206,0.465356,3.186077
6.524558,7.890459,0.020648,3.3E-05,9.17328,0.465195,3.189107
6.527613,7.887851,0.020668,3.3E-05,9.164935,0.465107,3.188128
6.523952,7.914342,0.02068,3.3E-05,9.148172,0.463653,3.186733
6.523084,7.903593,0.020678,3.3E-05,9.140947,0.465544,3.188303
6.522158,7.901147,0.020686,3.3E-05,9.139598,0.463684,3.187191
6.550821,7.868372,0.020597,3.3E-05,9.125768,0.465947,3.173685
6.52098,7.856041,0.020398,3.2E-05,9.110422,0.464542,3.170207
6.567585,7.83628,0.020377,3.2E-05,9.087137,0.467,3.16479
6.563876,7.842924,0.020376,3.2E-05,9.073166,0.461318,3.166668
6.618579,7.84113,0.020377,3.2E-05,9.05252,0.461317,3.161333
6.609075,7.839329,0.020387,3.2E-05,9.031927,0.461002,3.159016
6.679699,7.818546,0.02039,3.2E-05,9.016965,0.46104,3.157977
6.66916,7.815763,0.020336,3.2E-05,9.020667,0.458083,3.154197
6.741097,7.807879,0.020335,3.2E-05,9.006791,0.45825,3.153495
6.730281,7.812212,0.019773,3.2E-05,9.000921,0.45312,3.154136
6.790862,7.811753,0.019947,3.2E-05,8.982937,0.453088,3.151049
6.784486,7.81321,0.019962,3.2E-05,8.972585,0.453283,3.14756
6.846144,7.80659,0.020046,3.2E-05,8.981869,0.451855,3.145581
6.842683,7.803748,0.020052,3.2E-05,8.991073,0.44987,3.139922
6.874793,7.802351,0.020046,3.2E-05,8.99962,0.450056,3.138897
6.865568,7.806746,0.020049,3.2E-05,9.000515,0.449871,3.136675
6.868417,7.849574,0.020276,3.2E-05,9.081987,0.449962,3.136857
7.000327,7.840114,0.020274,3.2E-05,9.090457,0.446032,3.138645
6.940336,7.829127,0.020266,3.2E-05,9.103101,0.446066,3.142877
6.942578,7.832354,0.020163,3.2E-05,9.101045,0.445908,3.144539
6.881534,7.829882,0.020141,3.2E-05,9.113498,0.445974,3.14056
6.87501,7.825637,0.020144,3.2E-05,9.114651,0.445905,3.141829
6.812741,7.818856,0.020123,3.2E-05,9.133715,0.444455,3.142596
6.811273,7.827044,0.020119,3.2E-05,9.129309,0.445963,3.140416
6.776343,7.821817,0.020098,3.2E-05,9.144512,0.44425,3.139979
6.773427,7.821809,0.020092,3.2E-05,9.147867,0.444265,3.132389
6.755571,7.813706,0.02007,3.2E-05,9.165526,0.444032,3.135822
6.749964,7.791358,0.020057,3.2E-05,9.181871,0.443379,3.130628
6.751312,7.788084,0.020057,3.2E-05,9.185076,0.441417,3.134782
6.750752,7.792341,0.020058,3.2E-05,9.191688,0.442577,3.128052
6.725944,7.799297,0.020052,3.2E-05,9.207158,0.439993,3.130883
6.719804,7.805297,0.020537,3.2E-05,9.19817,0.438108,3.125156
6.726142,7.804556,0.020542,3.2E-05,9.20741,0.435461,3.129199
6.723655,7.801027,0.020547,3.2E-05,9.221374,0.43533,3.120789
6.721019,7.794012,0.020542,3.2E-05,9.232754,0.437024,3.12799
6.727014,7.792512,0.020601,3.2E-05,9.237891,0.436752,3.130908
6.715294,7.798257,0.020601,3.2E-05,9.244308,0.438439,3.133322
6.717695,7.798739,0.020605,3.2E-05,9.244298,0.438136,3.140933
6.693472,7.801941,0.020603,3.2E-05,9.25734,0.438175,3.143021
6.691078,7.809006,0.020603,3.2E-05,9.260348,0.439317,3.138882
6.680069,7.80826,0.020428,3.2E-05,9.266824,0.43898,3.144039
6.680209,7.816074,0.020909,3.2E-05,9.281964,0.439888,3.143927
6.652997,7.81668,0.020772,3.2E-05,9.284022,0.439395,3.143824
6.657941,7.82677,0.021583,3.2E-05,9.298491,0.439352,3.145461
6.629471,7.832033,0.021583,3.2E-05,9.297473,0.439038,3.146648
6.63,7.830872,0.021588,3.2E-05,9.301708,0.440436,3.148314
6.612604,7.783096,0.021353,3.2E-05,9.23311,0.442237,3.147124
6.473724,7.79996,0.021371,3.2E-05,9.225948,0.442034,3.143027
6.537323,7.803134,0.021359,3.2E-05,9.213482,0.445998,3.137816
6.531164,7.792971,0.021358,3.2E-05,9.22573,0.44611,3.131219
6.599274,7.79438,0.021359,3.2E-05,9.216066,0.446807,3.133906
6.592873,7.792238,0.021357,3.2E-05,9.229627,0.446757,3.140347
6.650813,7.804619,0.021359,3.2E-05,9.204527,0.447842,3.145836
6.65099,7.801608,0.021397,3.2E-05,9.204435,0.446233,3.138444
6.691663,7.802141,0.021399,3.2E-05,9.199612,0.446013,3.143101
6.695128,7.794095,0.021399,3.2E-05,9.206332,0.447079,3.144789
6.705072,7.800252,0.021405,3.2E-05,9.194906,0.447126,3.146555
6.709104,7.794805,0.021408,3.2E-05,9.188943,0.446893,3.147819
6.724654,7.805314,0.021408,3.2E-05,9.184085,0.448019,3.149778
6.724325,7.820138,0.021535,3.2E-05,9.198406,0.446814,3.158296
6.714057,7.84205,0.021622,3.2E-05,9.184169,0.447177,3.16182
6.725237,7.844431,0.021163,3.2E-05,9.191285,0.446979,3.163482
6.688993,7.846344,0.021163,3.2E-05,9.190188,0.448271,3.164242
6.704737,7.849842,0.021218,3.2E-05,9.205305,0.448108,3.170493
6.652292,7.861264,0.021218,3.2E-05,9.223895,0.446356,3.169698
6.654286,7.870368,0.021147,3.2E-05,9.241187,0.446546,3.175641
6.600308,7.878322,0.021228,3.2E-05,9.252736,0.444636,3.180334
6.602248,7.886336,0.022399,3.2E-05,9.25487,0.444771,3.179195
6.551874,7.885038,0.022395,3.2E-05,9.280252,0.446261,3.183268
6.565107,7.877078,0.023002,3.2E-05,9.286912,0.446827,3.19013
6.516683,7.877569,0.022999,3.2E-05,9.300772,0.447294,3.191056
6.517258,7.878889,0.022506,3.2E-05,9.30447,0.446158,3.192405
6.493576,7.877901,0.022512,3.2E-05,9.302386,0.446933,3.197092
6.494658,7.87318,0.021698,3.2E-05,9.320936,0.455096,3.206259
6.463434,7.87138,0.021703,3.2E-05,9.340737,0.460532,3.211572
6.468146,7.871169,0.021701,3.2E-05,9.346875,0.462464,3.209088
6.421567,7.871248,0.021699,3.2E-05,9.356483,0.460466,3.213116
6.429372,7.856832,0.021679,0.00064,9.392694,0.461553,3.214633
6.372682,7.863149,0.021684,0.00064,9.412265,0.457301,3.222838
6.38809,7.872891,0.021748,0.00064,9.420711,0.457367,3.225875
6.326377,7.882606,0.021755,0.00064,9.445917,0.458504,3.225922
6.332306,7.892684,0.021756,0.00064,9.444931,0.458514,3.224487
6.280453,7.897377,0.021775,0.00064,9.477328,0.459398,3.228845
6.286164,7.904891,0.021744,0.00064,9.508448,0.463055,3.23537
6.226989,7.908471,0.021742,0.00064,9.521958,0.46318,3.239866
6.235217,7.906555,0.021748,0.00064,9.539783,0.461991,3.24344
6.187436,7.908371,0.021753,0.00064,9.571273,0.462217,3.242895
6.207832,7.898279,0.021753,0.00064,9.590105,0.462293,3.244796
6.158926,7.896828,0.021755,0.00064,9.605832,0.462199,3.247033
6.172824,7.879035,0.021625,0.00064,9.603909,0.461946,3.239868
6.141804,7.866933,0.021547,0.00064,9.624304,0.461434,3.246871
6.141767,7.858561,0.021515,0.00064,9.62524,0.461474,3.246451
6.11261,7.864133,0.021512,0.00064,9.646601,0.460111,3.248497
6.107361,7.858335,0.021451,0.00064,9.656996,0.460132,3.242328
6.101744,7.857437,0.021456,0.00064,9.661338,0.460107,3.235964
6.112884,7.843231,0.021457,0.00064,9.665134,0.459932,3.228326
6.108452,7.838227,0.021379,0.00064,9.670933,0.460156,3.222253
6.10987,7.824239,0.020194,0.00064,9.67713,0.460161,3.219043
6.107175,7.824856,0.020196,0.00064,9.663783,0.459767,3.209706
6.10049,7.821932,0.019585,0.00064,9.663752,0.457705,3.206511
6.095695,7.819321,0.019657,0.00064,9.668238,0.457278,3.198828
6.104459,7.813088,0.019658,0.00064,9.662104,0.45698,3.202082
6.0943,7.81393,0.019661,0.00064,9.655821,0.456214,3.195518
6.092378,7.811244,0.01966,0.00064,9.624036,0.453259,3.189075
6.118823,7.810449,0.019669,0.00064,9.615097,0.447781,3.184231
6.119432,7.814445,0.019678,0.00064,9.600314,0.448748,3.182239
6.16805,7.814792,0.019693,0.00064,9.59042,0.448731,3.17765
6.162102,7.82515,0.019696,3.2E-05,9.58115,0.451827,3.178533
6.200692,7.814094,0.019712,3.2E-05,9.57049,0.451872,3.169861
6.194572,7.812521,0.019644,3.2E-05,9.560718,0.456228,3.174432
6.228435,7.80897,0.019651,3.2E-05,9.543555,0.455962,3.170634
6.225399,7.810919,0.019689,3.2E-05,9.535807,0.456008,3.168493
6.257275,7.809127,0.019685,3.2E-05,9.514959,0.454037,3.157131
6.258075,7.807127,0.019683,3.2E-05,9.486439,0.450278,3.156265
6.293707,7.794868,0.019679,3.2E-05,9.468916,0.450191,3.146028
6.287372,7.794525,0.019672,3.2E-05,9.458237,0.451269,3.144653
6.334035,7.790086,0.019659,3.2E-05,9.437632,0.451118,3.139092
6.314497,7.806332,0.019662,3.2E-05,9.408408,0.450964,3.145519
6.356442,7.80786,0.019656,3.2E-05,9.398095,0.449714,3.137132
6.344232,7.81264,0.020188,3.2E-05,9.370015,0.449709,3.141184
6.404563,7.802071,0.020179,3.2E-05,9.356136,0.449966,3.128034
6.398109,7.807175,0.020184,3.2E-05,9.33749,0.449932,3.127902
6.463169,7.797873,0.020185,3.2E-05,9.304953,0.450107,3.121129
6.45486,7.809434,0.02019,3.2E-05,9.281108,0.450296,3.125351
6.51714,7.808873,0.02019,3.2E-05,9.264552,0.450332,3.127776
6.503133,7.823555,0.020188,3.2E-05,9.237283,0.451582,3.12777
6.550307,7.82089,0.020193,3.2E-05,9.228114,0.451621,3.12672
6.543038,7.833514,0.020201,3.2E-05,9.217572,0.45159,3.122142
6.591836,7.826519,0.020202,3.2E-05,9.212387,0.450325,3.120376
6.589746,7.833263,0.020197,3.2E-05,9.208324,0.450458,3.118491
6.639162,7.831557,0.020124,3.2E-05,9.194303,0.45051,3.11851
6.630823,7.834831,0.020123,3.2E-05,9.190327,0.452042,3.120358
6.664005,7.839362,0.020115,3.2E-05,9.180762,0.454463,3.12037
6.660735,7.841889,0.020675,3.2E-05,9.184092,0.449165,3.114898
6.68558,7.841049,0.020663,3.2E-05,9.192288,0.450171,3.114393
6.681138,7.843408,0.020645,3.2E-05,9.202726,0.447053,3.114427
6.679851,7.834125,0.020628,3.2E-05,9.21226,0.449457,3.113272
6.680519,7.834953,0.020627,3.2E-05,9.196727,0.446407,3.110792
6.686276,7.837059,0.020606,3.2E-05,9.194789,0.44756,3.113621
6.679004,7.839541,0.02171,3.2E-05,9.192932,0.442825,3.115144
6.69228,7.838631,0.0217,3.2E-05,9.191364,0.440922,3.126678
6.688736,7.843155,0.022348,3.2E-05,9.197021,0.440791,3.120601
6.688403,7.835047,0.022387,3.2E-05,9.209657,0.440601,3.124303
6.68764,7.835313,0.022385,3.2E-05,9.236585,0.441539,3.127058
6.672533,7.844828,0.02239,3.2E-05,9.237194,0.444045,3.128249
6.670043,7.842863,0.022394,3.2E-05,9.249136,0.442947,3.127324
6.647213,7.845984,0.022401,3.2E-05,9.260731,0.442874,3.130607
6.643874,7.847116,0.022401,3.2E-05,9.275827,0.442847,3.126849
6.621477,7.845775,0.022405,3.2E-05,9.277835,0.443025,3.131656
6.618705,7.847381,0.021866,3.2E-05,9.295987,0.443001,3.127674
6.585921,7.842966,0.021866,3.2E-05,9.314209,0.442819,3.13209
6.582573,7.83853,0.021857,3.2E-05,9.342514,0.442701,3.129866
6.550795,7.837721,0.021856,3.2E-05,9.354992,0.442988,3.132408
6.5491,7.838861,0.021878,3.2E-05,9.359762,0.445786,3.132885
6.524269,7.830159,0.021876,3.2E-05,9.357916,0.445635,3.138246
6.521841,7.824278,0.021882,3.2E-05,9.36527,0.444192,3.137102
6.516761,7.82204,0.021873,3.2E-05,9.369544,0.443891,3.139729
6.517337,7.813344,0.021871,3.2E-05,9.371494,0.44381,3.139759
6.520815,7.813448,0.02187,3.2E-05,9.374875,0.443637,3.140967
6.519258,7.808524,0.021882,3.2E-05,9.382726,0.443413,3.143819
6.514801,7.818791,0.021885,3.2E-05,9.382364,0.44326,3.144989
6.513185,7.822694,0.0219,3.2E-05,9.386328,0.443414,3.143315
6.511946,7.82065,0.0219,3.2E-05,9.39168,0.441644,3.146923
6.512218,7.816485,0.021354,3.2E-05,9.391595,0.441558,3.147006
6.502366,7.816662,0.02135,3.2E-05,9.37793,0.445893,3.149369
6.502653,7.804667,0.022344,3.2E-05,9.384266,0.444659,3.149665
6.509209,7.807267,0.022342,3.2E-05,9.392399,0.445661,3.155244
6.509046,7.806107,0.022397,3.2E-05,9.394387,0.444619,3.156605
6.505965,7.807642,0.022401,3.2E-05,9.386127,0.443837,3.160011
6.507605,7.801918,0.021296,3.2E-05,9.388462,0.443927,3.156029
6.501634,7.806039,0.021295,3.2E-05,9.380911,0.444213,3.150565
6.500738,7.789061,0.020606,3.2E-05,9.381967,0.444182,3.149838
6.511552,7.788284,0.020548,3.2E-05,9.372593,0.444319,3.151234
6.509301,7.77782,0.020549,3.2E-05,9.359613,0.443547,3.143227
6.54831,7.775274,0.020558,3.2E-05,9.362263,0.441599,3.148669
6.547091,7.780964,0.020567,3.2E-05,9.351146,0.441908,3.150532
6.566576,7.779652,0.020559,3.2E-05,9.323635,0.441627,3.155406
6.570489,7.778478,0.020561,3.2E-05,9.33389,0.441733,3.152568
6.586977,7.77567,0.020561,3.2E-05,9.327958,0.441514,3.151492
6.589491,7.774363,0.020561,3.2E-05,9.333084,0.441427,3.151553
6.603889,7.776259,0.020562,3.2E-05,9.315389,0.441613,3.151005
6.610537,7.77185,0.02056,3.2E-05,9.310927,0.441855,3.151062
6.627139,7.779411,0.02066,3.2E-05,9.304584,0.441415,3.153454
6.63517,7.778707,0.02067,3.2E-05,9.337,0.440995,3.157416
6.626619,7.790861,0.020681,3.2E-05,9.337169,0.441169,3.158239
6.630707,7.793284,0.020679,3.2E-05,9.34476,0.443762,3.161212
6.623564,7.801451,0.020694,3.2E-05,9.352445,0.444275,3.166413
6.63431,7.799429,0.020697,3.2E-05,9.367282,0.447194,3.168688
6.593028,7.806838,0.020717,3.2E-05,9.36434,0.448646,3.173251
6.605927,7.806951,0.020715,3.2E-05,9.374246,0.451246,3.171334
6.572677,7.799292,0.020712,3.2E-05,9.413272,0.451471,3.178044
6.58387,7.795416,0.020707,3.2E-05,9.434067,0.449993,3.177409
6.541624,7.797808,0.020704,3.2E-05,9.456723,0.449608,3.18044
6.55276,7.796556,0.020706,3.1E-05,9.46734,0.452548,3.185619
6.507094,7.802245,0.020716,3.1E-05,9.484753,0.448385,3.192432
6.523238,7.806173,0.01984,3.1E-05,9.487687,0.45002,3.193477
6.473404,7.810978,0.019842,3.1E-05,9.484992,0.44654,3.19399
6.481977,7.808186,0.019789,3.1E-05,9.485073,0.446286,3.198524
6.439817,7.812307,0.019785,3.1E-05,9.508832,0.446901,3.195441
6.446561,7.822152,0.019791,3.1E-05,9.507642,0.448668,3.191478
6.403726,7.816235,0.019789,3.1E-05,9.538633,0.448533,3.185362
6.408957,7.8302,0.019791,3.1E-05,9.540506,0.448396,3.185322
6.362764,7.833815,0.019793,3.1E-05,9.561519,0.448306,3.181437
6.370179,7.84058,0.019798,3.1E-05,9.563721,0.452295,3.191298
6.31447,7.843644,0.019796,3.1E-05,9.576502,0.451723,3.190421
